region,province,municipality,active_population,employed_population
Oued Ed dahab Lagouira,Aousserd,(Tous),3 314,2 879
Oued Ed dahab Lagouira,Aousserd,MU-Lagouira,1 071,952
Oued Ed dahab Lagouira,Aousserd,CR-Aghouinite,61,51
Oued Ed dahab Lagouira,Aousserd,CR-Aousserd,494,330
Oued Ed dahab Lagouira,Aousserd,CR-Tichla,208,167
Oued Ed dahab Lagouira,Aousserd,CR-Zoug,243,191
Oued Ed dahab Lagouira,Aousserd,CR-Bir Gandouz,1 237,1 188
Oued Ed dahab Lagouira,Oued Ed Dahab,(Tous),27 888,25 591
Oued Ed dahab Lagouira,Oued Ed Dahab,MU-Dakhla,20 775,18 903
Oued Ed dahab Lagouira,Oued Ed Dahab,CR-Bir Anzarane,570,413
Oued Ed dahab Lagouira,Oued Ed Dahab,CR-Gleibat El Foula,92,62
Oued Ed dahab Lagouira,Oued Ed Dahab,CR-Mijik,177,135
Oued Ed dahab Lagouira,Oued Ed Dahab,CR-Oum Dreyga,152,102
Oued Ed dahab Lagouira,Oued Ed Dahab,CR-El Argoub,4 134,4 044
Oued Ed dahab Lagouira,Oued Ed Dahab,CR-Imlili,1 988,1 932
Laayoune Boujdour Sakia El Hamra,Boujdour,(Tous),15 007,13 014
Laayoune Boujdour Sakia El Hamra,Boujdour,MU-Boujdour,12 742,10 802
Laayoune Boujdour Sakia El Hamra,Boujdour,CR-Gueltat Zemmour,339,335
Laayoune Boujdour Sakia El Hamra,Boujdour,CR-Jraifia,1 110,1 081
Laayoune Boujdour Sakia El Hamra,Boujdour,CR-Lamssid,816,796
Laayoune Boujdour Sakia El Hamra,Laayoune,(Tous),77 441,58 902
Laayoune Boujdour Sakia El Hamra,Laayoune,MU-ElMarsa,5 616,5 288
Laayoune Boujdour Sakia El Hamra,Laayoune,MU-Laayoune,65 307,48 082
Laayoune Boujdour Sakia El Hamra,Laayoune,MU-Tarfaya,2 040,1 816
Laayoune Boujdour Sakia El Hamra,Laayoune,CR-Boukraa,981,837
Laayoune Boujdour Sakia El Hamra,Laayoune,CR-Dcheira,697,489
Laayoune Boujdour Sakia El Hamra,Laayoune,CR-Foum El Oued,764,705
Laayoune Boujdour Sakia El Hamra,Laayoune,CR-Akhfennir,682,646
Laayoune Boujdour Sakia El Hamra,Laayoune,CR-Daoura,417,355
Laayoune Boujdour Sakia El Hamra,Laayoune,CR-ElHagounia,401,285
Laayoune Boujdour Sakia El Hamra,Laayoune,CR-Tah,536,399
Guelmim Es semara,Assa Zag,(Tous),7 270,5 466
Guelmim Es semara,Assa Zag,MU-Assa,2 987,2 029
Guelmim Es semara,Assa Zag,MU-Zag,1 933,1 493
Guelmim Es semara,Assa Zag,CR-Aouint Lahna,759,649
Guelmim Es semara,Assa Zag,CR-Aouint Yghomane,721,569
Guelmim Es semara,Assa Zag,CR-Touizgui,432,318
Guelmim Es semara,Assa Zag,CR-AlMahbass,65,61
Guelmim Es semara,Assa Zag,CR-Labouirat,373,347
Guelmim Es semara,Es Semara,(Tous),13 425,11 118
Guelmim Es semara,Es Semara,MU-Es semara,9 842,8 222
Guelmim Es semara,Es Semara,CR-Amgala,365,335
Guelmim Es semara,Es Semara,CR-Haouza,786,619
Guelmim Es semara,Es Semara,CR-Jdiriya,701,606
Guelmim Es semara,Es Semara,CR-Sidi Ahmed Laaroussi,690,516
Guelmim Es semara,Es Semara,CR-Tifariti,1 041,820
Guelmim Es semara,Guelmim,(Tous),45 101,34 350
Guelmim Es semara,Guelmim,MU-Bouizakarne,3 109,2 750
Guelmim Es semara,Guelmim,MU-Guelmim,27 575,20 113
Guelmim Es semara,Guelmim,CR-Aday,635,530
Guelmim Es semara,Guelmim,CR-Ait Boufoulen,392,351
Guelmim Es semara,Guelmim,CR-Amtdi,424,372
Guelmim Es semara,Guelmim,CR-Ifrane Atlas Saghir,2 096,1 673
Guelmim Es semara,Guelmim,CR-Tagante,727,583
Guelmim Es semara,Guelmim,CR-Taghjijt,1 324,1 091
Guelmim Es semara,Guelmim,AC-Taghjijt,1 294,985
Guelmim Es semara,Guelmim,CR-Timoulay,1 087,933
Guelmim Es semara,Guelmim,CR-Abaynou,707,611
Guelmim Es semara,Guelmim,CR-Aferkat,601,268
Guelmim Es semara,Guelmim,CR-Asrir,1 029,767
Guelmim Es semara,Guelmim,CR-Echatea El Abied,467,339
Guelmim Es semara,Guelmim,CR-Fask,949,892
Guelmim Es semara,Guelmim,CR-Labyar,242,182
Guelmim Es semara,Guelmim,CR-Laqsabi Tagoust,861,622
Guelmim Es semara,Guelmim,CR-Rass Oumlil,494,391
Guelmim Es semara,Guelmim,CR-Taliouine Assaka,232,136
Guelmim Es semara,Guelmim,CR-Targa Wassay,432,382
Guelmim Es semara,Guelmim,CR-Tiglit,424,379
Guelmim Es semara,Tan Tan,(Tous),24 497,19 545
Guelmim Es semara,Tan Tan,MU-Tan Tan,19 319,14 825
Guelmim Es semara,Tan Tan,MU-ElOuatia,3 806,3 623
Guelmim Es semara,Tan Tan,CR-Msied,386,232
Guelmim Es semara,Tan Tan,CR-Tilemzoun,341,288
Guelmim Es semara,Tan Tan,CR-Abteh,184,158
Guelmim Es semara,Tan Tan,CR-Ben Khlil,168,139
Guelmim Es semara,Tan Tan,CR-Chbika,293,280
Guelmim Es semara,Tata,(Tous),25 706,21 174
Guelmim Es semara,Tata,MU-Akka,1 187,1 109
Guelmim Es semara,Tata,MU-Fam El Hisn,1 274,1 056
Guelmim Es semara,Tata,MU-Foum Zguid,2 239,1 852
Guelmim Es semara,Tata,MU-Tata,3 723,3 361
Guelmim Es semara,Tata,CR-Ait Ouabelli,705,522
Guelmim Es semara,Tata,CR-Kasbat S Abdellah M Barek,1 318,1 006
Guelmim Es semara,Tata,CR-Tamanarte,1 535,1 405
Guelmim Es semara,Tata,CR-Tizounine,309,295
Guelmim Es semara,Tata,CR-Aguinane,662,469
Guelmim Es semara,Tata,CR-Akka Ighane,1 247,1 047
Guelmim Es semara,Tata,CR-Allougoum,1 850,1 546
Guelmim Es semara,Tata,CR-Ibn Yacoub,934,579
Guelmim Es semara,Tata,CR-Tissint,2 021,1 643
Guelmim Es semara,Tata,CR-Tlite,1 091,856
Guelmim Es semara,Tata,CR-Adis,882,722
Guelmim Es semara,Tata,CR-Issafen,933,775
Guelmim Es semara,Tata,CR-Oum El Guerdane,508,394
Guelmim Es semara,Tata,CR-Tagmout,1 509,894
Guelmim Es semara,Tata,CR-Tigzmerte,591,544
Guelmim Es semara,Tata,CR-Tizaghte,1 188,1 099
Souss Massa Draa,Agadir Ida Ou Tanane,(Tous),183 379,163 554
Souss Massa Draa,Agadir Ida Ou Tanane,MU-Agadir,135 218,120 042
Souss Massa Draa,Agadir Ida Ou Tanane,CR-Amskroud,3 055,2 694
Souss Massa Draa,Agadir Ida Ou Tanane,CR-Aourir,1 895,1 740
Souss Massa Draa,Agadir Ida Ou Tanane,AC-Aourir,6 939,6 013
Souss Massa Draa,Agadir Ida Ou Tanane,CR-Aqesri,1 632,1 413
Souss Massa Draa,Agadir Ida Ou Tanane,CR-Aziar,1 828,1 806
Souss Massa Draa,Agadir Ida Ou Tanane,CR-Drargua,6 679,5 506
Souss Massa Draa,Agadir Ida Ou Tanane,AC-Drargua,5 213,4 658
Souss Massa Draa,Agadir Ida Ou Tanane,CR-Idmine,1 656,1 503
Souss Massa Draa,Agadir Ida Ou Tanane,CR-Imouzzer,2 294,2 243
Souss Massa Draa,Agadir Ida Ou Tanane,CR-Imsouane,2 716,2 518
Souss Massa Draa,Agadir Ida Ou Tanane,CR-Tadrart,2 463,2 435
Souss Massa Draa,Agadir Ida Ou Tanane,CR-Taghazout,2 025,1 860
Souss Massa Draa,Agadir Ida Ou Tanane,CR-Tamri,5 799,5 509
Souss Massa Draa,Agadir Ida Ou Tanane,CR-Tiqqi,3 967,3 614
Souss Massa Draa,Chouka Ait Baha,(Tous),103 020,97 626
Souss Massa Draa,Chouka Ait Baha,MU-Ait Baha,1 553,1 405
Souss Massa Draa,Chouka Ait Baha,MU-Biougra,9 761,9 238
Souss Massa Draa,Chouka Ait Baha,CR-Ait Mzal,989,937
Souss Massa Draa,Chouka Ait Baha,CR-Ait Ouadrim,2 132,1 923
Souss Massa Draa,Chouka Ait Baha,CR-Aouguenz,1 580,1 500
Souss Massa Draa,Chouka Ait Baha,CR-Hilala,1 530,1 447
Souss Massa Draa,Chouka Ait Baha,CR-Ida Ougnidif,802,770
Souss Massa Draa,Chouka Ait Baha,CR-Sidi Abdallah El Bouchouari,2 865,2 520
Souss Massa Draa,Chouka Ait Baha,CR-Tanalt,1 232,1 202
Souss Massa Draa,Chouka Ait Baha,CR-Targua Ntouchka,3 065,3 052
Souss Massa Draa,Chouka Ait Baha,CR-Tassegdelt,1 430,1 212
Souss Massa Draa,Chouka Ait Baha,CR-Tizi Ntakoucht,1 022,1 020
Souss Massa Draa,Chouka Ait Baha,CR-Ait Milk,3 090,2 749
Souss Massa Draa,Chouka Ait Baha,CR-Belfaa,7 078,6 758
Souss Massa Draa,Chouka Ait Baha,CR-Inchaden,7 650,7 247
Souss Massa Draa,Chouka Ait Baha,CR-Massa,2 351,2 079
Souss Massa Draa,Chouka Ait Baha,AC-Massa,2 763,2 452
Souss Massa Draa,Chouka Ait Baha,CR-Sidi Ouassay,2 866,2 546
Souss Massa Draa,Chouka Ait Baha,CR-Ait Amira,20 907,20 406
Souss Massa Draa,Chouka Ait Baha,CR-Imi Mqourn,3 098,2 971
Souss Massa Draa,Chouka Ait Baha,CR-Ouad Essafa,14 096,13 756
Souss Massa Draa,Chouka Ait Baha,CR-Sidi Bibi,8 083,7 562
Souss Massa Draa,Chouka Ait Baha,CR-Sidi Boushab,3 077,2 874
Souss Massa Draa,Inezgane Ait Melloul,(Tous),145 369,130 375
Souss Massa Draa,Inezgane Ait Melloul,MU-Ait Melloul,45 283,40 229
Souss Massa Draa,Inezgane Ait Melloul,MU-Dcheira El Jihadia,32 165,28 301
Souss Massa Draa,Inezgane Ait Melloul,MU-Inezgane,40 200,36 263
Souss Massa Draa,Inezgane Ait Melloul,CR-Lqliaa,3 018,2 723
Souss Massa Draa,Inezgane Ait Melloul,AC-Lqliaa,12 265,11 477
Souss Massa Draa,Inezgane Ait Melloul,CR-Oulad Dahou,4 142,3 661
Souss Massa Draa,Inezgane Ait Melloul,CR-Temsia,3 652,3 356
Souss Massa Draa,Inezgane Ait Melloul,AC-Temsia,4 644,4 365
Souss Massa Draa,Ouarzazate,(Tous),153 264,134 267
Souss Massa Draa,Ouarzazate,MU-Boumalne Dades,2 679,2 254
Souss Massa Draa,Ouarzazate,MU-Kalaat M Gouna,4 156,3 669
Souss Massa Draa,Ouarzazate,MU-Ouarzazate,17 908,14 891
Souss Massa Draa,Ouarzazate,MU-Taznakht,2 371,2 066
Souss Massa Draa,Ouarzazate,MU-Tinghir,10 205,7 939
Souss Massa Draa,Ouarzazate,CR-Ait Zineb,3 059,2 632
Souss Massa Draa,Ouarzazate,CR-Amerzgane,2 277,1 876
Souss Massa Draa,Ouarzazate,CR-Aznaguen,4 644,4 233
Souss Massa Draa,Ouarzazate,CR-Ighrem N Ougdal,4 486,3 851
Souss Massa Draa,Ouarzazate,CR-Khouzama,3 939,3 876
Souss Massa Draa,Ouarzazate,CR-Ouisselsate,6 270,5 894
Souss Massa Draa,Ouarzazate,CR-Siroua,4 364,4 198
Souss Massa Draa,Ouarzazate,CR-Telouet,5 822,5 520
Souss Massa Draa,Ouarzazate,CR-Tidli,4 634,4 437
Souss Massa Draa,Ouarzazate,CR-Ait El Farsi,1 051,772
Souss Massa Draa,Ouarzazate,CR-Ait Ouassif,2 167,2 112
Souss Massa Draa,Ouarzazate,CR-Ait Sedrate Jbel EL Oulia,911,855
Souss Massa Draa,Ouarzazate,CR-Ait Sedrate Jbel EL Soufla,1 357,1 065
Souss Massa Draa,Ouarzazate,CR-Ait Sedrate Sahl Charkia,3 489,3 204
Souss Massa Draa,Ouarzazate,CR-Ait Sedrate Sahl Gharbia,3 669,3 526
Souss Massa Draa,Ouarzazate,CR-Ait Youl,1 064,823
Souss Massa Draa,Ouarzazate,CR-Ighil N Oumgoun,7 451,7 165
Souss Massa Draa,Ouarzazate,CR-Ikniouen,4 589,4 255
Souss Massa Draa,Ouarzazate,CR-Imider,768,732
Souss Massa Draa,Ouarzazate,CR-M Semrir,1 989,1 780
Souss Massa Draa,Ouarzazate,CR-Ouaklim,1 974,1 895
Souss Massa Draa,Ouarzazate,CR-Souk Lakhmis Dades,4 608,3 680
Souss Massa Draa,Ouarzazate,CR-Taghzoute N Ait Atta,3 466,2 390
Souss Massa Draa,Ouarzazate,CR-Tilmi,3 561,3 301
Souss Massa Draa,Ouarzazate,CR-Toudgha El Oulia,1 628,1 050
Souss Massa Draa,Ouarzazate,CR-Toudgha Essoufla,3 600,2 010
Souss Massa Draa,Ouarzazate,CR-Ghassate,2 219,1 988
Souss Massa Draa,Ouarzazate,CR-Idelsane,3 440,3 116
Souss Massa Draa,Ouarzazate,CR-Imi N Oulaoune,5 072,4 949
Souss Massa Draa,Ouarzazate,CR-Skoura Ahl El Oust,5 088,4 461
Souss Massa Draa,Ouarzazate,AC-Skoura,681,562
Souss Massa Draa,Ouarzazate,CR-Tarmigt,3 044,2 824
Souss Massa Draa,Ouarzazate,AC-Tabounte,5 697,4 687
Souss Massa Draa,Ouarzazate,CR-Toundoute,3 867,3 729
Souss Massa Draa,Taroudannt,(Tous),240 009,226 858
Souss Massa Draa,Taroudannt,MU-Ait Iaaza,2 943,2 789
Souss Massa Draa,Taroudannt,MU-ElGuerdane,2 729,2 616
Souss Massa Draa,Taroudannt,MU-Irherm,1 150,1 083
Souss Massa Draa,Taroudannt,MU-Oulad Berhil,4 518,4 331
Souss Massa Draa,Taroudannt,MU-Oulad Teima,21 291,19 752
Souss Massa Draa,Taroudannt,MU-Taliouine,1 814,1 589
Souss Massa Draa,Taroudannt,MU-Taroudannt,23 974,21 290
Souss Massa Draa,Taroudannt,CR-Adar,1 087,1 037
Souss Massa Draa,Taroudannt,CR-Ait Abdallah,653,600
Souss Massa Draa,Taroudannt,CR-Amalou,1 423,1 329
Souss Massa Draa,Taroudannt,CR-Azaghar N Irs,1 621,1 513
Souss Massa Draa,Taroudannt,CR-Imaouen,1 081,1 052
Souss Massa Draa,Taroudannt,CR-Imi N Tayart,1 001,942
Souss Massa Draa,Taroudannt,CR-Nihit,508,380
Souss Massa Draa,Taroudannt,CR-Oualqadi,696,660
Souss Massa Draa,Taroudannt,CR-Sidi Boaal,810,785
Souss Massa Draa,Taroudannt,CR-Sidi Mzal,327,303
Souss Massa Draa,Taroudannt,CR-Tabia,943,938
Souss Massa Draa,Taroudannt,CR-Tataoute,2 195,2 178
Souss Massa Draa,Taroudannt,CR-Tindine,1 678,1 667
Souss Massa Draa,Taroudannt,CR-Tisfane,483,447
Souss Massa Draa,Taroudannt,CR-Toufelaazt,653,645
Souss Massa Draa,Taroudannt,CR-Toumliline,834,798
Souss Massa Draa,Taroudannt,CR-Aoulouz,3 449,3 325
Souss Massa Draa,Taroudannt,AC-Aoulouz,1 687,1 594
Souss Massa Draa,Taroudannt,CR-Arazane,1 853,1 793
Souss Massa Draa,Taroudannt,CR-ElFaid,3 654,3 376
Souss Massa Draa,Taroudannt,CR-Ida Ou Gailal,1 748,1 709
Souss Massa Draa,Taroudannt,CR-Ida Ougoummad,1 415,1 346
Souss Massa Draa,Taroudannt,CR-Igli,3 043,2 987
Souss Massa Draa,Taroudannt,CR-Igoudar Mnabha,2 361,2 291
Souss Massa Draa,Taroudannt,CR-Lamhara,2 730,2 630
Souss Massa Draa,Taroudannt,CR-Oulad Aissa,3 036,2 977
Souss Massa Draa,Taroudannt,CR-Ouneine,2 506,2 395
Souss Massa Draa,Taroudannt,CR-Ouzioua,2 322,2 254
Souss Massa Draa,Taroudannt,CR-Sidi Abdellah Ou Said,1 212,1 204
Souss Massa Draa,Taroudannt,CR-Sidi Ouaaziz,2 140,2 024
Souss Massa Draa,Taroudannt,CR-Tafingoult,2 305,2 221
Souss Massa Draa,Taroudannt,CR-Talgjount,1 587,1 523
Souss Massa Draa,Taroudannt,CR-Tigouga,1 812,1 769
Souss Massa Draa,Taroudannt,CR-Tinzart,1 533,1 506
Souss Massa Draa,Taroudannt,CR-Tisrasse,2 105,2 051
Souss Massa Draa,Taroudannt,CR-Tizi N Test,1 852,1 781
Souss Massa Draa,Taroudannt,CR-Toughmart,1 933,1 741
Souss Massa Draa,Taroudannt,CR-Ahl Ramel,2 430,2 347
Souss Massa Draa,Taroudannt,CR-Argana,1 584,1 473
Souss Massa Draa,Taroudannt,CR-Assads,1 455,1 387
Souss Massa Draa,Taroudannt,CR-Bigoudine,1 783,1 558
Souss Massa Draa,Taroudannt,CR-Eddir,2 292,2 240
Souss Massa Draa,Taroudannt,CR-ElKoudia El Beida,6 209,5 861
Souss Massa Draa,Taroudannt,CR-Imilmaiss,2 224,2 156
Souss Massa Draa,Taroudannt,CR-Issen,3 324,3 141
Souss Massa Draa,Taroudannt,CR-Lagfifat,5 098,4 668
Souss Massa Draa,Taroudannt,CR-Lakhnafif,2 633,2 509
Souss Massa Draa,Taroudannt,CR-Lamhadi,3 108,2 980
Souss Massa Draa,Taroudannt,CR-Machraa El Ain,2 854,2 634
Souss Massa Draa,Taroudannt,CR-Sidi Ahmed Ou Amar,4 042,3 918
Souss Massa Draa,Taroudannt,CR-Sidi Boumoussa,4 233,4 116
Souss Massa Draa,Taroudannt,CR-Sidi Moussa Lhamri,3 673,3 602
Souss Massa Draa,Taroudannt,CR-Talmakante,1 223,1 191
Souss Massa Draa,Taroudannt,CR-Tidsi Nissendalene,1 718,1 582
Souss Massa Draa,Taroudannt,CR-Agadir Melloul,2 450,2 225
Souss Massa Draa,Taroudannt,CR-Ahl Tifnoute,2 899,2 885
Souss Massa Draa,Taroudannt,CR-Askaouen,3 284,3 230
Souss Massa Draa,Taroudannt,CR-Assaisse,2 400,2 361
Souss Massa Draa,Taroudannt,CR-Assaki,2 624,2 267
Souss Massa Draa,Taroudannt,CR-Azrar,1 577,1 450
Souss Massa Draa,Taroudannt,CR-Iguidi,2 926,2 880
Souss Massa Draa,Taroudannt,CR-Sidi Hsaine,1 888,1 802
Souss Massa Draa,Taroudannt,CR-Taouyalte,2 536,2 471
Souss Massa Draa,Taroudannt,CR-Tassousfi,2 641,2 482
Souss Massa Draa,Taroudannt,CR-Tizgzaouine,1 649,1 641
Souss Massa Draa,Taroudannt,CR-Toubkal,2 957,2 899
Souss Massa Draa,Taroudannt,CR-Zagmouzen,3 270,3 235
Souss Massa Draa,Taroudannt,CR-Ahmar Laglalcha,4 488,4 181
Souss Massa Draa,Taroudannt,CR-Ait Igas,2 769,2 708
Souss Massa Draa,Taroudannt,CR-Ait Makhlouf,1 366,1 323
Souss Massa Draa,Taroudannt,CR-Bounrar,2 984,2 934
Souss Massa Draa,Taroudannt,CR-Freija,2 417,2 324
Souss Massa Draa,Taroudannt,CR-Ida Ou Moumen,1 816,1 792
Souss Massa Draa,Taroudannt,CR-Imoulass,3 009,2 939
Souss Massa Draa,Taroudannt,CR-Lamnizla,1 488,1 430
Souss Massa Draa,Taroudannt,CR-Sidi Ahmed Ou Abdallah,1 179,1 130
Souss Massa Draa,Taroudannt,CR-Sidi Borja,2 848,2 800
Souss Massa Draa,Taroudannt,CR-Sidi Dahmane,2 785,2 682
Souss Massa Draa,Taroudannt,CR-Tafraouten,2 235,1 783
Souss Massa Draa,Taroudannt,CR-Tamaloukte,1 417,1 086
Souss Massa Draa,Taroudannt,CR-Tazemmourt,1 794,1 692
Souss Massa Draa,Taroudannt,CR-Tiout,878,870
Souss Massa Draa,Taroudannt,CR-Zaouia Sidi Tahar,2 857,2 772
Souss Massa Draa,Tiznit,(Tous),101 238,85 735
Souss Massa Draa,Tiznit,MU-Lakhsas,1 387,972
Souss Massa Draa,Tiznit,MU-Sidi Ifni,6 773,4 580
Souss Massa Draa,Tiznit,MU-Tafraout,1 767,1 545
Souss Massa Draa,Tiznit,MU-Tiznit,17 845,15 316
Souss Massa Draa,Tiznit,CR-Ait Issafen,925,897
Souss Massa Draa,Tiznit,CR-Anzi,1 469,1 336
Souss Massa Draa,Tiznit,CR-Arbaa Ait Ahmed,1 468,1 391
Souss Massa Draa,Tiznit,CR-Ida Ou Gougmar,1 823,1 472
Souss Massa Draa,Tiznit,CR-Sidi Ahmed Ou Moussa,925,828
Souss Massa Draa,Tiznit,CR-Tafraout El Mouloud,709,651
Souss Massa Draa,Tiznit,CR-Tighmi,2 048,1 957
Souss Massa Draa,Tiznit,CR-Tizoughrane,1 243,1 182
Souss Massa Draa,Tiznit,CR-Tnine Aday,434,410
Souss Massa Draa,Tiznit,CR-Arbaa Ait Abdellah,1 312,1 226
Souss Massa Draa,Tiznit,CR-Imi N Fast,943,760
Souss Massa Draa,Tiznit,CR-Mesti,978,810
Souss Massa Draa,Tiznit,CR-Mirleft,2 534,2 023
Souss Massa Draa,Tiznit,CR-Sbouya,1 715,953
Souss Massa Draa,Tiznit,CR-Tangarfa,1 312,1 058
Souss Massa Draa,Tiznit,CR-Tioughza,3 977,2 646
Souss Massa Draa,Tiznit,CR-Tnine Amellou,1 388,1 177
Souss Massa Draa,Tiznit,CR-Ait Erkha,2 242,1 847
Souss Massa Draa,Tiznit,CR-Anfeg,2 918,2 503
Souss Massa Draa,Tiznit,CR-Boutrouch,1 390,1 022
Souss Massa Draa,Tiznit,CR-Ibdar,2 012,1 911
Souss Massa Draa,Tiznit,CR-Sebt Ennabour,3 028,2 878
Souss Massa Draa,Tiznit,CR-Sidi Abdallah Ou Belaid,1 829,1 755
Souss Massa Draa,Tiznit,CR-Sidi H Saine Ou Ali,2 092,1 887
Souss Massa Draa,Tiznit,CR-Sidi M Bark,1 752,1 529
Souss Massa Draa,Tiznit,CR-Tighirt,1 699,1 154
Souss Massa Draa,Tiznit,CR-Afella Ighir,1 313,1 058
Souss Massa Draa,Tiznit,CR-Ait Ouafqa,1 551,1 330
Souss Massa Draa,Tiznit,CR-Ammelne,976,813
Souss Massa Draa,Tiznit,CR-Irigh N Tahala,427,410
Souss Massa Draa,Tiznit,CR-Tarsouat,642,539
Souss Massa Draa,Tiznit,CR-Tassrirt,420,418
Souss Massa Draa,Tiznit,CR-Arbaa Rasmouka,2 379,1 741
Souss Massa Draa,Tiznit,CR-Arbaa Sahel,3 770,3 315
Souss Massa Draa,Tiznit,CR-Bounaamane,4 277,4 180
Souss Massa Draa,Tiznit,CR-ElMaader El Kabir,2 231,2 032
Souss Massa Draa,Tiznit,CR-Ouijjane,1 504,1 380
Souss Massa Draa,Tiznit,CR-Reggada,4 179,3 535
Souss Massa Draa,Tiznit,CR-Sidi Bouabdelli,1 794,1 741
Souss Massa Draa,Tiznit,CR-Tnine Aglou,3 838,3 567
Souss Massa Draa,Zagora,(Tous),63 034,53 948
Souss Massa Draa,Zagora,MU-Agdz,1 849,1 636
Souss Massa Draa,Zagora,MU-Zagora,9 549,7 351
Souss Massa Draa,Zagora,CR-Afella N Dra,1 312,1 259
Souss Massa Draa,Zagora,CR-Afra,1 658,1 539
Souss Massa Draa,Zagora,CR-Ait Boudaoud,880,861
Souss Massa Draa,Zagora,CR-Ait Ouallal,1 876,1 788
Souss Massa Draa,Zagora,CR-Mezguita,1 471,1 244
Souss Massa Draa,Zagora,CR-N Kob,1 392,1 264
Souss Massa Draa,Zagora,CR-Oulad Yahia Lagraire,2 462,2 185
Souss Massa Draa,Zagora,CR-Taghbalte,1 475,1 414
Souss Massa Draa,Zagora,CR-Tamezmoute,2 497,2 220
Souss Massa Draa,Zagora,CR-Tansifte,3 215,2 388
Souss Massa Draa,Zagora,CR-Tazarine,2 973,2 699
Souss Massa Draa,Zagora,CR-Bleida,965,928
Souss Massa Draa,Zagora,CR-Bni Zoli,3 530,3 357
Souss Massa Draa,Zagora,CR-Bouzeroual,1 893,1 792
Souss Massa Draa,Zagora,CR-Errouha,2 208,1 969
Souss Massa Draa,Zagora,CR-Fezouata,2 140,1 460
Souss Massa Draa,Zagora,CR-Ktaoua,2 317,2 209
Souss Massa Draa,Zagora,CR-M Hamid El Ghizlane,1 588,1 140
Souss Massa Draa,Zagora,CR-Taftechna,1 460,1 304
Souss Massa Draa,Zagora,CR-Tagounite,4 006,3 191
Souss Massa Draa,Zagora,CR-Tamegroute,4 596,3 460
Souss Massa Draa,Zagora,CR-Ternata,3 071,2 798
Souss Massa Draa,Zagora,CR-Tinzouline,2 651,2 492
Gharb Chrarda Beni Hssen,Kenitra,(Tous),434 077,376 885
Gharb Chrarda Beni Hssen,Kenitra,MU-Kenitra,131 807,107 791
Gharb Chrarda Beni Hssen,Kenitra,MU-Mehdya,5 538,4 762
Gharb Chrarda Beni Hssen,Kenitra,MU-Sidi Slimane,28 422,20 167
Gharb Chrarda Beni Hssen,Kenitra,MU-Sidi Yahya El GhArb,12 227,9 657
Gharb Chrarda Beni Hssen,Kenitra,MU-Souk El Arbaa,14 679,11 909
Gharb Chrarda Beni Hssen,Kenitra,CR-Ameur Seflia,15 144,13 522
Gharb Chrarda Beni Hssen,Kenitra,CR-Ben Mansour,22 848,22 438
Gharb Chrarda Beni Hssen,Kenitra,CR-Haddada,4 262,4 085
Gharb Chrarda Beni Hssen,Kenitra,CR-Mnasra,11 972,11 239
Gharb Chrarda Beni Hssen,Kenitra,CR-Mograne,10 672,10 016
Gharb Chrarda Beni Hssen,Kenitra,CR-Oulad Slama,6 445,5 814
Gharb Chrarda Beni Hssen,Kenitra,CR-Sidi Taibi,1 958,1 889
Gharb Chrarda Beni Hssen,Kenitra,AC-Sidi Taibi,6 081,5 539
Gharb Chrarda Beni Hssen,Kenitra,CR-Azghar,4 183,3 725
Gharb Chrarda Beni Hssen,Kenitra,CR-Boumaiz,7 796,6 017
Gharb Chrarda Beni Hssen,Kenitra,CR-Dar Bel Amri,10 631,9 060
Gharb Chrarda Beni Hssen,Kenitra,CR-Kceibya,8 273,7 956
Gharb Chrarda Beni Hssen,Kenitra,CR-M saada,7 018,6 396
Gharb Chrarda Beni Hssen,Kenitra,CR-Oulad Ben Hammadi,5 357,4 213
Gharb Chrarda Beni Hssen,Kenitra,CR-Oulad H Cine,10 302,8 482
Gharb Chrarda Beni Hssen,Kenitra,CR-Sfafaa,7 466,6 924
Gharb Chrarda Beni Hssen,Kenitra,CR-Arbaoua,11 784,11 440
Gharb Chrarda Beni Hssen,Kenitra,AC-Arbaoua,588,481
Gharb Chrarda Beni Hssen,Kenitra,CR-Beni Malek,14 354,13 459
Gharb Chrarda Beni Hssen,Kenitra,CR-Kariat Ben Aouda,3 848,3 639
Gharb Chrarda Beni Hssen,Kenitra,CR-Oued El Makhazine,4 447,4 360
Gharb Chrarda Beni Hssen,Kenitra,CR-Bahhara Oulad Ayad,10 406,10 251
Gharb Chrarda Beni Hssen,Kenitra,CR-Chouafaa,6 136,5 610
Gharb Chrarda Beni Hssen,Kenitra,CR-Lalla Mimouna,4 016,3 888
Gharb Chrarda Beni Hssen,Kenitra,AC-Lalla Mimouna,4 200,3 946
Gharb Chrarda Beni Hssen,Kenitra,CR-Moulay Bousselham,6 012,5 764
Gharb Chrarda Beni Hssen,Kenitra,AC-Moulay bousselham,2 055,1 622
Gharb Chrarda Beni Hssen,Kenitra,CR-Sidi Allal Tazi,4 941,4 774
Gharb Chrarda Beni Hssen,Kenitra,AC-Sidi allal tazi,1 197,995
Gharb Chrarda Beni Hssen,Kenitra,CR-Sidi Boubker El Haj,5 747,5 295
Gharb Chrarda Beni Hssen,Kenitra,CR-Sidi Mohamed Lahmar,12 880,12 332
Gharb Chrarda Beni Hssen,Kenitra,CR-Souk Tlet El Gharb,8 385,7 428
Gharb Chrarda Beni Hssen,Sidi Kacem,(Tous),239 945,215 634
Gharb Chrarda Beni Hssen,Sidi Kacem,MU-Dar Gueddari,2 113,1 868
Gharb Chrarda Beni Hssen,Sidi Kacem,MU-Had Kourt,1 668,1 379
Gharb Chrarda Beni Hssen,Sidi Kacem,MU-Jorf El Melha,5 297,4 955
Gharb Chrarda Beni Hssen,Sidi Kacem,MU-Mechra Bel Ksiri,10 133,7 625
Gharb Chrarda Beni Hssen,Sidi Kacem,MU-Ouezzane,18 448,15 366
Gharb Chrarda Beni Hssen,Sidi Kacem,MU-Sidi Kacem,26 156,21 378
Gharb Chrarda Beni Hssen,Sidi Kacem,CR-Ain Dfali,8 773,8 260
Gharb Chrarda Beni Hssen,Sidi Kacem,CR-Bni Oual,3 256,3 233
Gharb Chrarda Beni Hssen,Sidi Kacem,CR-Khnichet,4 888,4 379
Gharb Chrarda Beni Hssen,Sidi Kacem,AC-Khnichet,2 650,2 241
Gharb Chrarda Beni Hssen,Sidi Kacem,CR-Lamrabih,6 283,5 869
Gharb Chrarda Beni Hssen,Sidi Kacem,CR-Moulay Abdelkader,3 059,3 036
Gharb Chrarda Beni Hssen,Sidi Kacem,CR-Oulad Nouel,4 224,3 721
Gharb Chrarda Beni Hssen,Sidi Kacem,CR-Sidi Ahmed Benaissa,3 333,3 282
Gharb Chrarda Beni Hssen,Sidi Kacem,CR-Sidi Ameur Al Hadi,3 993,3 921
Gharb Chrarda Beni Hssen,Sidi Kacem,CR-Sidi Azzouz,5 261,4 827
Gharb Chrarda Beni Hssen,Sidi Kacem,CR-Sidi M Hamed Chelh,2 720,2 595
Gharb Chrarda Beni Hssen,Sidi Kacem,CR-Taoughilt,4 553,4 181
Gharb Chrarda Beni Hssen,Sidi Kacem,CR-AlHaouafate,6 006,5 376
Gharb Chrarda Beni Hssen,Sidi Kacem,CR-Dar Laaslouji,10 744,9 702
Gharb Chrarda Beni Hssen,Sidi Kacem,CR-Ermilate,5 304,5 150
Gharb Chrarda Beni Hssen,Sidi Kacem,CR-Nouirate,7 982,7 147
Gharb Chrarda Beni Hssen,Sidi Kacem,CR-Sefsaf,8 591,7 367
Gharb Chrarda Beni Hssen,Sidi Kacem,CR-Sidi Al Kamel,9 907,9 303
Gharb Chrarda Beni Hssen,Sidi Kacem,CR-Bni Quolla,6 975,6 662
Gharb Chrarda Beni Hssen,Sidi Kacem,CR-Lamjaara,4 855,4 375
Gharb Chrarda Beni Hssen,Sidi Kacem,AC-Ain dorij,565,525
Gharb Chrarda Beni Hssen,Sidi Kacem,CR-Masmouda,7 054,6 689
Gharb Chrarda Beni Hssen,Sidi Kacem,CR-Mzefroune,2 740,2 593
Gharb Chrarda Beni Hssen,Sidi Kacem,CR-Ounnana,4 596,4 357
Gharb Chrarda Beni Hssen,Sidi Kacem,CR-Sidi Ahmed Cherif,3 029,2 917
Gharb Chrarda Beni Hssen,Sidi Kacem,CR-Sidi Bousber,3 483,3 108
Gharb Chrarda Beni Hssen,Sidi Kacem,CR-Sidi Redouane,7 048,6 346
Gharb Chrarda Beni Hssen,Sidi Kacem,CR-Teroual,4 295,4 150
Gharb Chrarda Beni Hssen,Sidi Kacem,CR-Zghira,5 246,4 943
Gharb Chrarda Beni Hssen,Sidi Kacem,CR-Bab Tiouka,2 844,2 726
Gharb Chrarda Beni Hssen,Sidi Kacem,CR-Bir Taleb,4 003,3 787
Gharb Chrarda Beni Hssen,Sidi Kacem,CR-Chbanate,3 980,3 496
Gharb Chrarda Beni Hssen,Sidi Kacem,CR-Selfat,3 075,2 992
Gharb Chrarda Beni Hssen,Sidi Kacem,CR-Tekna,2 303,2 264
Gharb Chrarda Beni Hssen,Sidi Kacem,CR-Zaggota,3 279,3 095
Gharb Chrarda Beni Hssen,Sidi Kacem,CR-Zirara,2 827,2 431
Gharb Chrarda Beni Hssen,Sidi Kacem,AC-Zirara,2 406,2 017
Chaouia Ouardigha,Benslimane,(Tous),72 285,63 525
Chaouia Ouardigha,Benslimane,MU-Benslimane,16 215,13 026
Chaouia Ouardigha,Benslimane,MU-Bouznika,10 404,8 937
Chaouia Ouardigha,Benslimane,CR-Ahlaf,4 467,4 273
Chaouia Ouardigha,Benslimane,CR-Ain Tizgha,2 995,2 717
Chaouia Ouardigha,Benslimane,CR-Fdalate,3 331,3 093
Chaouia Ouardigha,Benslimane,CR-Mellila,5 417,5 008
Chaouia Ouardigha,Benslimane,CR-Moualine El Ghaba,2 932,2 609
Chaouia Ouardigha,Benslimane,CR-Moualine El Oued,3 078,2 822
Chaouia Ouardigha,Benslimane,CR-Oulad Ali Toualaa,1 952,1 705
Chaouia Ouardigha,Benslimane,CR-Oulad Yahya Louta,3 528,3 237
Chaouia Ouardigha,Benslimane,CR-Rdadna Oulad Malek,1 658,1 427
Chaouia Ouardigha,Benslimane,CR-Ziaida,4 121,3 858
Chaouia Ouardigha,Benslimane,CR-Bir Ennasr,1 690,1 683
Chaouia Ouardigha,Benslimane,CR-El Mansouria,4 937,4 181
Chaouia Ouardigha,Benslimane,CR-Sidi Bettache,2 189,1 959
Chaouia Ouardigha,Benslimane,CR-Cherrat,3 371,2 990
Chaouia Ouardigha,Khouribga,(Tous),169 438,135 974
Chaouia Ouardigha,Khouribga,MU-Bejaad,13 624,10 943
Chaouia Ouardigha,Khouribga,MU-Boujniba,4 356,2 836
Chaouia Ouardigha,Khouribga,MU-Hattane,2 915,2 112
Chaouia Ouardigha,Khouribga,MU-Khouribga,55 263,40 737
Chaouia Ouardigha,Khouribga,MU-Oued Zem,28 222,20 222
Chaouia Ouardigha,Khouribga,CR-Ain Kaicher,1 792,1 650
Chaouia Ouardigha,Khouribga,CR-Bni Bataou,2 005,1 989
Chaouia Ouardigha,Khouribga,CR-Bni Zrantel,2 287,2 178
Chaouia Ouardigha,Khouribga,CR-Boukhrisse,2 354,2 292
Chaouia Ouardigha,Khouribga,CR-Chougrane,3 288,3 196
Chaouia Ouardigha,Khouribga,CR-Oulad Gouaouch,1 197,1 142
Chaouia Ouardigha,Khouribga,CR-Rouached,1 939,1 901
Chaouia Ouardigha,Khouribga,CR-Tachrafat,1 101,1 072
Chaouia Ouardigha,Khouribga,CR-Bir Mezoui,2 200,1 735
Chaouia Ouardigha,Khouribga,CR-Bni Ykhlef,3 379,3 094
Chaouia Ouardigha,Khouribga,CR-Boulanouare,1 122,750
Chaouia Ouardigha,Khouribga,AC-Boulanouare,3 291,2 072
Chaouia Ouardigha,Khouribga,CR-Lagfaf,2 913,2 340
Chaouia Ouardigha,Khouribga,CR-ElFoqra,1 555,1 498
Chaouia Ouardigha,Khouribga,CR-M Fassis,1 990,1 664
Chaouia Ouardigha,Khouribga,CR-Oulad Abdoune,4 341,3 927
Chaouia Ouardigha,Khouribga,CR-Oulad Azzouz,3 181,2 883
Chaouia Ouardigha,Khouribga,CR-Ait Ammar,1 410,1 356
Chaouia Ouardigha,Khouribga,CR-Bni Smir,2 959,2 730
Chaouia Ouardigha,Khouribga,CR-Braksa,3 444,3 382
Chaouia Ouardigha,Khouribga,CR-Kasbat Troch,3 019,2 724
Chaouia Ouardigha,Khouribga,CR-Lagnadiz,2 916,2 757
Chaouia Ouardigha,Khouribga,CR-Maadna,2 328,2 268
Chaouia Ouardigha,Khouribga,CR-Oulad Aissa,2 014,1 922
Chaouia Ouardigha,Khouribga,CR-Oulad Boughadi,3 035,2 845
Chaouia Ouardigha,Khouribga,CR-Oulad Fennane,3 023,2 791
Chaouia Ouardigha,Khouribga,CR-Oulad Ftata,975,966
Chaouia Ouardigha,Settat,(Tous),341 324,307 183
Chaouia Ouardigha,Settat,MU-Ben Ahmed,7 557,6 030
Chaouia Ouardigha,Settat,MU-Berrechid,33 942,29 034
Chaouia Ouardigha,Settat,MU-ElBorouj,5 517,4 145
Chaouia Ouardigha,Settat,MU-ElGara,6 600,5 004
Chaouia Ouardigha,Settat,MU-Loulad,1 520,1 301
Chaouia Ouardigha,Settat,MU-Oulad Abbou,3 776,3 252
Chaouia Ouardigha,Settat,MU-Oulad M Rah,2 937,2 399
Chaouia Ouardigha,Settat,MU-Settat,43 931,36 238
Chaouia Ouardigha,Settat,CR-Ain Dorbane,4 003,3 634
Chaouia Ouardigha,Settat,CR-Bouguargouh,3 082,2 964
Chaouia Ouardigha,Settat,CR-Lahlaf M Zab,2 255,2 200
Chaouia Ouardigha,Settat,CR-Lakhzazra,3 047,2 940
Chaouia Ouardigha,Settat,CR-Mniaa,3 730,3 386
Chaouia Ouardigha,Settat,CR-Mrizigue,3 005,2 876
Chaouia Ouardigha,Settat,CR-M Garto,3 353,3 241
Chaouia Ouardigha,Settat,CR-N Khila,3 734,3 600
Chaouia Ouardigha,Settat,CR-Oued Naanaa,2 604,2 330
Chaouia Ouardigha,Settat,CR-Oulad Chbana,3 230,3 185
Chaouia Ouardigha,Settat,CR-Oulad Fares,3 672,3 372
Chaouia Ouardigha,Settat,CR-Oulad M Hamed,3 626,3 547
Chaouia Ouardigha,Settat,CR-Ras El Ain Chaouia,4 550,4 209
Chaouia Ouardigha,Settat,AC-Ras El ain,1 293,970
Chaouia Ouardigha,Settat,CR-Sgamna,3 078,2 879
Chaouia Ouardigha,Settat,CR-Sidi Abdelkrim,3 035,2 942
Chaouia Ouardigha,Settat,CR-Sidi Dahbi,3 122,2 767
Chaouia Ouardigha,Settat,CR-Sidi Hajjaj,6 788,6 338
Chaouia Ouardigha,Settat,CR-Ben Maachou,2 982,2 697
Chaouia Ouardigha,Settat,CR-Laghnimyine,5 379,5 126
Chaouia Ouardigha,Settat,CR-Lahsasna,3 300,3 184
Chaouia Ouardigha,Settat,CR-Lakhiaita,5 854,5 210
Chaouia Ouardigha,Settat,CR-Sahel Oulad H Riz,6 445,6 006
Chaouia Ouardigha,Settat,AC-Oulad h riz sahel,2 598,2 449
Chaouia Ouardigha,Settat,CR-Sidi Abdelkhaleq,2 103,1 989
Chaouia Ouardigha,Settat,CR-Sidi El Mekki,3 718,3 524
Chaouia Ouardigha,Settat,CR-Sidi Rahal Chatai,5 019,4 504
Chaouia Ouardigha,Settat,AC-Sidi Rahal Chatai,2 904,2 394
Chaouia Ouardigha,Settat,CR-Soualem,5 649,5 032
Chaouia Ouardigha,Settat,AC-Soualem,1 164,1 010
Chaouia Ouardigha,Settat,CR-Zaouiat Sidi Ben Hamdoun,3 511,3 376
Chaouia Ouardigha,Settat,CR-Ain Blal,1 723,1 633
Chaouia Ouardigha,Settat,CR-Bni Khloug,4 140,3 816
Chaouia Ouardigha,Settat,CR-Dar Chaffai,6 142,5 607
Chaouia Ouardigha,Settat,CR-Laqraqra,3 299,3 011
Chaouia Ouardigha,Settat,CR-Meskoura,2 580,2 550
Chaouia Ouardigha,Settat,CR-Oulad Amer,1 800,1 757
Chaouia Ouardigha,Settat,CR-Oulad Bouali Nouaja,2 728,2 419
Chaouia Ouardigha,Settat,CR-Oulad Fares El Halla,1 131,997
Chaouia Ouardigha,Settat,CR-Oulad Freiha,3 823,3 663
Chaouia Ouardigha,Settat,CR-Sidi Ahmed El Khadir,2 822,2 777
Chaouia Ouardigha,Settat,CR-Sidi Boumehdi,1 562,1 215
Chaouia Ouardigha,Settat,CR-Deroua,8 335,7 308
Chaouia Ouardigha,Settat,AC-Deroua,3 701,3 054
Chaouia Ouardigha,Settat,CR-Foqra Oulad Aameur,2 120,2 043
Chaouia Ouardigha,Settat,CR-Jaqma,3 992,3 746
Chaouia Ouardigha,Settat,CR-Kasbat Ben Mchich,5 023,4 805
Chaouia Ouardigha,Settat,CR-Lambarkiyine,2 855,2 744
Chaouia Ouardigha,Settat,CR-Ouled Cebbah,2 856,2 717
Chaouia Ouardigha,Settat,CR-Ouled Zidane,2 342,2 224
Chaouia Ouardigha,Settat,CR-Riah,2 625,2 523
Chaouia Ouardigha,Settat,CR-Ain Nzagh,4 908,4 723
Chaouia Ouardigha,Settat,CR-Bni Yagrine,3 926,3 827
Chaouia Ouardigha,Settat,CR-Gdana,3 576,3 384
Chaouia Ouardigha,Settat,CR-Guisser,3 459,3 244
Chaouia Ouardigha,Settat,AC-Guisser,616,471
Chaouia Ouardigha,Settat,CR-Khemisset Chaouia,2 070,2 036
Chaouia Ouardigha,Settat,CR-Lahouaza,2 902,2 810
Chaouia Ouardigha,Settat,CR-Machraa Ben Abbou,3 283,2 982
Chaouia Ouardigha,Settat,CR-Mzoura,4 076,3 961
Chaouia Ouardigha,Settat,CR-Oulad Aafif,3 053,2 906
Chaouia Ouardigha,Settat,CR-Oulad Said,2 941,2 733
Chaouia Ouardigha,Settat,AC-Oulad Said,883,696
Chaouia Ouardigha,Settat,CR-Oulad Sghir,2 707,2 532
Chaouia Ouardigha,Settat,CR-Rima,3 506,3 390
Chaouia Ouardigha,Settat,CR-Sidi El Aidi,4 857,4 544
Chaouia Ouardigha,Settat,CR-Sidi Mohammed Ben Rahal,3 815,3 718
Chaouia Ouardigha,Settat,CR-Tamadroust,2 782,2 668
Chaouia Ouardigha,Settat,CR-Toualet,4 752,4 665
Marrakech Tensift Al Haouz,Al Haouz,(Tous),173 081,163 801
Marrakech Tensift Al Haouz,Al Haouz,MU-Ait Ourir,5 888,5 216
Marrakech Tensift Al Haouz,Al Haouz,CR-Abadou,4 022,3 916
Marrakech Tensift Al Haouz,Al Haouz,CR-Ait Aadel,2 351,2 204
Marrakech Tensift Al Haouz,Al Haouz,CR-Ait Faska,6 529,6 158
Marrakech Tensift Al Haouz,Al Haouz,CR-Ait Hkim Ait Yzid,2 438,2 396
Marrakech Tensift Al Haouz,Al Haouz,CR-Ait Sidi Daoud,6 734,6 471
Marrakech Tensift Al Haouz,Al Haouz,CR-Ghmate,7 957,7 237
Marrakech Tensift Al Haouz,Al Haouz,AC-Ghmate,284,260
Marrakech Tensift Al Haouz,Al Haouz,CR-Iguerferouane,4 351,4 202
Marrakech Tensift Al Haouz,Al Haouz,CR-Sidi Abdallah Ghiat,7 304,6 816
Marrakech Tensift Al Haouz,Al Haouz,AC-Sidi Abdallah Ghiat,374,265
Marrakech Tensift Al Haouz,Al Haouz,CR-Tamaguert,3 464,3 231
Marrakech Tensift Al Haouz,Al Haouz,CR-Tamazouzte,4 016,3 790
Marrakech Tensift Al Haouz,Al Haouz,CR-Tazart,5 559,5 413
Marrakech Tensift Al Haouz,Al Haouz,CR-Tidili Mesfioua,7 664,7 404
Marrakech Tensift Al Haouz,Al Haouz,CR-Tighedouine,9 193,8 897
Marrakech Tensift Al Haouz,Al Haouz,CR-Touama,4 201,4 028
Marrakech Tensift Al Haouz,Al Haouz,CR-Zerkten,6 936,6 153
Marrakech Tensift Al Haouz,Al Haouz,CR-Amghras,1 653,1 603
Marrakech Tensift Al Haouz,Al Haouz,CR-Amizmiz,906,861
Marrakech Tensift Al Haouz,Al Haouz,AC-Amizmiz,3 387,3 040
Marrakech Tensift Al Haouz,Al Haouz,CR-Anougal,1 456,1 330
Marrakech Tensift Al Haouz,Al Haouz,CR-Azgour,1 625,1 593
Marrakech Tensift Al Haouz,Al Haouz,CR-Dar Jamaa,2 179,2 145
Marrakech Tensift Al Haouz,Al Haouz,CR-Lalla Takarkoust,926,891
Marrakech Tensift Al Haouz,Al Haouz,AC-Lalla Takarkoust,1 056,979
Marrakech Tensift Al Haouz,Al Haouz,CR-Ouazguita,1 842,1 753
Marrakech Tensift Al Haouz,Al Haouz,CR-Oulad Mtaa,2 245,2 066
Marrakech Tensift Al Haouz,Al Haouz,CR-Sidi Badhaj,2 051,1 992
Marrakech Tensift Al Haouz,Al Haouz,CR-Tizguine,1 152,1 126
Marrakech Tensift Al Haouz,Al Haouz,CR-Aghbar,1 487,1 445
Marrakech Tensift Al Haouz,Al Haouz,CR-Asni,8 182,8 054
Marrakech Tensift Al Haouz,Al Haouz,CR-Ighil,1 817,1 779
Marrakech Tensift Al Haouz,Al Haouz,CR-Ijoukak,2 292,2 238
Marrakech Tensift Al Haouz,Al Haouz,CR-Imgdal,2 723,2 710
Marrakech Tensift Al Haouz,Al Haouz,CR-Ouirgane,2 600,2 542
Marrakech Tensift Al Haouz,Al Haouz,CR-Talat N Yaaqoub,2 829,2 633
Marrakech Tensift Al Haouz,Al Haouz,CR-Moulay Brahim,3 158,3 030
Marrakech Tensift Al Haouz,Al Haouz,AC-Moulay brahim,1 154,1 045
Marrakech Tensift Al Haouz,Al Haouz,CR-Oukaimden,1 494,1 463
Marrakech Tensift Al Haouz,Al Haouz,CR-Ourika,9 897,9 214
Marrakech Tensift Al Haouz,Al Haouz,CR-Sti Fadma,8 190,7 889
Marrakech Tensift Al Haouz,Al Haouz,CR-Tahannaout,7 911,7 352
Marrakech Tensift Al Haouz,Al Haouz,AC-Tahannaout,2 203,2 033
Marrakech Tensift Al Haouz,Al Haouz,CR-Tameslohte,5 176,4 805
Marrakech Tensift Al Haouz,Al Haouz,AC-Tameslohte,2 225,2 133
Marrakech Tensift Al Haouz,Chichaoua,(Tous),115 001,108 541
Marrakech Tensift Al Haouz,Chichaoua,MU-Chichaoua,5 283,4 861
Marrakech Tensift Al Haouz,Chichaoua,MU-Imintanoute,4 991,4 371
Marrakech Tensift Al Haouz,Chichaoua,CR-Ahdil,4 282,4 268
Marrakech Tensift Al Haouz,Chichaoua,CR-Ait Hadi,1 811,1 717
Marrakech Tensift Al Haouz,Chichaoua,CR-Lamzoudia,7 614,7 249
Marrakech Tensift Al Haouz,Chichaoua,CR-Oulad Moumna,2 617,2 596
Marrakech Tensift Al Haouz,Chichaoua,CR-Saidate,2 421,2 246
Marrakech Tensift Al Haouz,Chichaoua,CR-Sidi L Mokhtar,3 195,3 111
Marrakech Tensift Al Haouz,Chichaoua,AC-Sidi L Mokhtar,4 429,4 038
Marrakech Tensift Al Haouz,Chichaoua,CR-Sidi Bouzid Arragragui,2 820,2 713
Marrakech Tensift Al Haouz,Chichaoua,CR-Sidi M Hamed Dalil,1 805,1 743
Marrakech Tensift Al Haouz,Chichaoua,CR-Afalla Issen,2 804,2 722
Marrakech Tensift Al Haouz,Chichaoua,CR-Ain Tazitounte,1 857,1 748
Marrakech Tensift Al Haouz,Chichaoua,CR-Ait Haddou Youssef,1 550,1 526
Marrakech Tensift Al Haouz,Chichaoua,CR-Irohalen,1 888,1 736
Marrakech Tensift Al Haouz,Chichaoua,CR-Lalla Aaziza,1 904,1 832
Marrakech Tensift Al Haouz,Chichaoua,CR-Nfifa,1 822,1 772
Marrakech Tensift Al Haouz,Chichaoua,CR-Oued L bour,1 890,1 857
Marrakech Tensift Al Haouz,Chichaoua,CR-Sidi Ghanem,2 649,2 511
Marrakech Tensift Al Haouz,Chichaoua,CR-Timezgadiouine,3 747,3 516
Marrakech Tensift Al Haouz,Chichaoua,CR-Adassil,3 459,3 361
Marrakech Tensift Al Haouz,Chichaoua,CR-Assif El Mal,1 960,1 914
Marrakech Tensift Al Haouz,Chichaoua,CR-Douirane,4 084,3 981
Marrakech Tensift Al Haouz,Chichaoua,CR-Gmassa,3 399,3 037
Marrakech Tensift Al Haouz,Chichaoua,CR-Imindounit,3 078,2 923
Marrakech Tensift Al Haouz,Chichaoua,CR-Majjat,4 225,3 973
Marrakech Tensift Al Haouz,Chichaoua,CR-M Zouda,5 267,4 660
Marrakech Tensift Al Haouz,Chichaoua,CR-Zaouia Annahlia,5 608,4 864
Marrakech Tensift Al Haouz,Chichaoua,CR-Bouabout,4 323,4 020
Marrakech Tensift Al Haouz,Chichaoua,CR-Bouabout Amdlane,2 423,2 411
Marrakech Tensift Al Haouz,Chichaoua,CR-Ichamraren,2 417,2 402
Marrakech Tensift Al Haouz,Chichaoua,CR-Kouzemt,1 293,1 261
Marrakech Tensift Al Haouz,Chichaoua,CR-Rahhala,2 525,2 521
Marrakech Tensift Al Haouz,Chichaoua,CR-Sidi Abdelmoumen,3 688,3 378
Marrakech Tensift Al Haouz,Chichaoua,CR-Taouloukoult,3 871,3 744
Marrakech Tensift Al Haouz,Chichaoua,CR-Timlilt,2 002,1 958
Marrakech Tensift Al Haouz,El Kelaa Sraghna,(Tous),246 160,225 177
Marrakech Tensift Al Haouz,El Kelaa Sraghna,MU-Ben Guerir,20 254,16 788
Marrakech Tensift Al Haouz,El Kelaa Sraghna,MU-El Kelaa Sraghna,21 507,17 845
Marrakech Tensift Al Haouz,El Kelaa Sraghna,MU-Laattaouia,5 836,5 125
Marrakech Tensift Al Haouz,El Kelaa Sraghna,MU-Sidi Rahhal,1 965,1 612
Marrakech Tensift Al Haouz,El Kelaa Sraghna,MU-Tamallalt,3 631,3 218
Marrakech Tensift Al Haouz,El Kelaa Sraghna,CR-Chtaiba,2 410,2 257
Marrakech Tensift Al Haouz,El Kelaa Sraghna,CR-Eddachra,2 043,1 714
Marrakech Tensift Al Haouz,El Kelaa Sraghna,CR-ElAamria,2 301,2 156
Marrakech Tensift Al Haouz,El Kelaa Sraghna,CR-ElMarbouh,2 458,2 133
Marrakech Tensift Al Haouz,El Kelaa Sraghna,CR-Errafiaya,1 470,1 221
Marrakech Tensift Al Haouz,El Kelaa Sraghna,CR-Hiadna,3 476,3 244
Marrakech Tensift Al Haouz,El Kelaa Sraghna,CR-Lounasda,3 060,2 878
Marrakech Tensift Al Haouz,El Kelaa Sraghna,CR-Mayate,4 052,3 897
Marrakech Tensift Al Haouz,El Kelaa Sraghna,CR-Oulad Aamer,2 109,1 920
Marrakech Tensift Al Haouz,El Kelaa Sraghna,CR-Oulad Bouali Loued,1 992,1 843
Marrakech Tensift Al Haouz,El Kelaa Sraghna,CR-Oulad Cherki,2 227,2 201
Marrakech Tensift Al Haouz,El Kelaa Sraghna,CR-Oulad El Garne,1 915,1 717
Marrakech Tensift Al Haouz,El Kelaa Sraghna,CR-Oulad Massaoud,1 626,1 446
Marrakech Tensift Al Haouz,El Kelaa Sraghna,CR-Oulad Msabbel,1 714,1 625
Marrakech Tensift Al Haouz,El Kelaa Sraghna,CR-Oulad Sbih,1 907,1 837
Marrakech Tensift Al Haouz,El Kelaa Sraghna,CR-Oulad Yaacoub,2 241,2 043
Marrakech Tensift Al Haouz,El Kelaa Sraghna,CR-Oulad Zarrad,4 016,3 769
Marrakech Tensift Al Haouz,El Kelaa Sraghna,CR-Sidi El Hattab,2 707,2 571
Marrakech Tensift Al Haouz,El Kelaa Sraghna,CR-Sidi Moussa,3 272,2 992
Marrakech Tensift Al Haouz,El Kelaa Sraghna,CR-Taouzint,1 713,1 522
Marrakech Tensift Al Haouz,El Kelaa Sraghna,CR-Znada,2 809,2 722
Marrakech Tensift Al Haouz,El Kelaa Sraghna,CR-Assahrij,3 886,3 411
Marrakech Tensift Al Haouz,El Kelaa Sraghna,AC-Assahrij,490,401
Marrakech Tensift Al Haouz,El Kelaa Sraghna,CR-Bouya Omar,4 264,3 951
Marrakech Tensift Al Haouz,El Kelaa Sraghna,CR-Choara,3 176,2 991
Marrakech Tensift Al Haouz,El Kelaa Sraghna,CR-Dzouz,2 865,2 736
Marrakech Tensift Al Haouz,El Kelaa Sraghna,CR-Fraita,3 070,2 887
Marrakech Tensift Al Haouz,El Kelaa Sraghna,CR-Jbiel,3 366,3 113
Marrakech Tensift Al Haouz,El Kelaa Sraghna,CR-Jouala,3 420,3 312
Marrakech Tensift Al Haouz,El Kelaa Sraghna,CR-Laatamna,3 350,2 958
Marrakech Tensift Al Haouz,El Kelaa Sraghna,CR-Laattaouia Ech chaybia,1 374,1 254
Marrakech Tensift Al Haouz,El Kelaa Sraghna,CR-Loued Lakhdar,3 200,2 917
Marrakech Tensift Al Haouz,El Kelaa Sraghna,CR-M Zem Sanhaja,2 865,2 678
Marrakech Tensift Al Haouz,El Kelaa Sraghna,CR-Ouargui,2 934,2 766
Marrakech Tensift Al Haouz,El Kelaa Sraghna,CR-Oulad Aarrad,2 538,2 348
Marrakech Tensift Al Haouz,El Kelaa Sraghna,CR-Oulad Khallouf,2 848,2 464
Marrakech Tensift Al Haouz,El Kelaa Sraghna,CR-Sidi Aissa Ben Slimane,5 195,4 644
Marrakech Tensift Al Haouz,El Kelaa Sraghna,CR-Sour El Aaz,1 309,1 066
Marrakech Tensift Al Haouz,El Kelaa Sraghna,CR-Zemrane,5 271,5 029
Marrakech Tensift Al Haouz,El Kelaa Sraghna,CR-Zemrane Charqia,9 451,8 609
Marrakech Tensift Al Haouz,El Kelaa Sraghna,CR-Ait Hammou,2 419,2 325
Marrakech Tensift Al Haouz,El Kelaa Sraghna,CR-Ait Taleb,3 217,3 203
Marrakech Tensift Al Haouz,El Kelaa Sraghna,CR-Bouchane,3 399,3 224
Marrakech Tensift Al Haouz,El Kelaa Sraghna,CR-Jaafra,3 715,3 579
Marrakech Tensift Al Haouz,El Kelaa Sraghna,CR-Labrikiyne,4 912,4 796
Marrakech Tensift Al Haouz,El Kelaa Sraghna,CR-Oulad Aamer Tizmarine,1 875,1 842
Marrakech Tensift Al Haouz,El Kelaa Sraghna,CR-Oulad Hassoune Hamri,3 110,2 887
Marrakech Tensift Al Haouz,El Kelaa Sraghna,CR-Sidi Abdallah,3 631,3 521
Marrakech Tensift Al Haouz,El Kelaa Sraghna,CR-Sidi Ali Labrahla,2 438,2 336
Marrakech Tensift Al Haouz,El Kelaa Sraghna,CR-Sidi Ghanem,4 276,4 218
Marrakech Tensift Al Haouz,El Kelaa Sraghna,CR-Sidi Mansour,2 492,2 480
Marrakech Tensift Al Haouz,El Kelaa Sraghna,CR-Skhour Rhamna,3 274,3 212
Marrakech Tensift Al Haouz,El Kelaa Sraghna,AC-Skhour Rhamna,1 469,1 186
Marrakech Tensift Al Haouz,El Kelaa Sraghna,CR-Skoura Lhadra,3 267,3 074
Marrakech Tensift Al Haouz,El Kelaa Sraghna,CR-Akarma,1 752,1 627
Marrakech Tensift Al Haouz,El Kelaa Sraghna,CR-Bourrous,2 032,2 014
Marrakech Tensift Al Haouz,El Kelaa Sraghna,CR-Jaidate,3 821,3 603
Marrakech Tensift Al Haouz,El Kelaa Sraghna,CR-Lamharra,3 144,3 017
Marrakech Tensift Al Haouz,El Kelaa Sraghna,CR-Nzalat Laadam,3 240,3 152
Marrakech Tensift Al Haouz,El Kelaa Sraghna,CR-Oulad Imloul,3 005,2 903
Marrakech Tensift Al Haouz,El Kelaa Sraghna,CR-Ras Ain Rhamna,4 522,4 244
Marrakech Tensift Al Haouz,El Kelaa Sraghna,CR-Sidi Boubker,2 496,2 315
Marrakech Tensift Al Haouz,El Kelaa Sraghna,CR-Sidi Bou Othmane,4 046,3 922
Marrakech Tensift Al Haouz,El Kelaa Sraghna,AC-Sidi Bou Othmane,1 624,1 395
Marrakech Tensift Al Haouz,El Kelaa Sraghna,CR-Tlauh,3 401,3 271
Marrakech Tensift Al Haouz,Essaouira,(Tous),164 437,156 240
Marrakech Tensift Al Haouz,Essaouira,MU-Ait Daoud,779,588
Marrakech Tensift Al Haouz,Essaouira,MU-ElHanchane,1 610,1 396
Marrakech Tensift Al Haouz,Essaouira,MU-Essaouira,27 224,24 083
Marrakech Tensift Al Haouz,Essaouira,MU-Talmest,1 459,1 328
Marrakech Tensift Al Haouz,Essaouira,MU-Tamanar,3 144,2 918
Marrakech Tensift Al Haouz,Essaouira,CR-Ait Said,2 505,2 488
Marrakech Tensift Al Haouz,Essaouira,CR-Aquermoud,5 831,5 708
Marrakech Tensift Al Haouz,Essaouira,CR-Had Dra,3 148,3 078
Marrakech Tensift Al Haouz,Essaouira,CR-Kechoula,2 274,2 217
Marrakech Tensift Al Haouz,Essaouira,CR-Korimate,3 626,3 562
Marrakech Tensift Al Haouz,Essaouira,CR-Lagdadra,2 088,2 033
Marrakech Tensift Al Haouz,Essaouira,CR-Lahsinate,2 160,2 077
Marrakech Tensift Al Haouz,Essaouira,CR-Mejji,3 223,3 203
Marrakech Tensift Al Haouz,Essaouira,CR-Meskala,1 844,1 836
Marrakech Tensift Al Haouz,Essaouira,CR-Mouarid,2 347,2 251
Marrakech Tensift Al Haouz,Essaouira,CR-Moulay Bouzarqtoune,2 742,2 664
Marrakech Tensift Al Haouz,Essaouira,CR-Mzilate,1 519,1 474
Marrakech Tensift Al Haouz,Essaouira,CR-M Khalif,1 805,1 783
Marrakech Tensift Al Haouz,Essaouira,CR-M Ramer,2 894,2 832
Marrakech Tensift Al Haouz,Essaouira,CR-Oulad M Rabet,1 285,1 265
Marrakech Tensift Al Haouz,Essaouira,CR-Ounagha,4 109,4 020
Marrakech Tensift Al Haouz,Essaouira,AC-Ounagha,313,275
Marrakech Tensift Al Haouz,Essaouira,CR-Sidi Abdeljalil,2 733,2 640
Marrakech Tensift Al Haouz,Essaouira,CR-Sidi Aissa Regragui,2 795,2 720
Marrakech Tensift Al Haouz,Essaouira,CR-Sidi Ali El Korati,2 436,2 350
Marrakech Tensift Al Haouz,Essaouira,CR-Sidi Boulaalam,2 386,2 268
Marrakech Tensift Al Haouz,Essaouira,CR-Sidi Ishaq,4 687,4 563
Marrakech Tensift Al Haouz,Essaouira,CR-Sidi Laaroussi,5 201,4 955
Marrakech Tensift Al Haouz,Essaouira,CR-Sidi M Hamed Ou Marzouq,2 285,2 176
Marrakech Tensift Al Haouz,Essaouira,CR-Tafetachte,1 928,1 861
Marrakech Tensift Al Haouz,Essaouira,AC-Tafetachte,386,370
Marrakech Tensift Al Haouz,Essaouira,CR-Takate,3 919,3 755
Marrakech Tensift Al Haouz,Essaouira,CR-Zaouiat Ben Hmida,2 080,2 062
Marrakech Tensift Al Haouz,Essaouira,CR-Adaghas,1 249,1 239
Marrakech Tensift Al Haouz,Essaouira,CR-Aglif,2 500,2 415
Marrakech Tensift Al Haouz,Essaouira,CR-Aguerd,2 071,2 050
Marrakech Tensift Al Haouz,Essaouira,CR-Ait Aissi Ihahane,1 654,1 461
Marrakech Tensift Al Haouz,Essaouira,CR-Assais,2 291,2 266
Marrakech Tensift Al Haouz,Essaouira,CR-Bizdad,2 792,2 771
Marrakech Tensift Al Haouz,Essaouira,CR-Bouzemmour,1 795,1 713
Marrakech Tensift Al Haouz,Essaouira,CR-Ezzaouite,2 553,2 505
Marrakech Tensift Al Haouz,Essaouira,CR-Ida Ou Aazza,2 924,2 649
Marrakech Tensift Al Haouz,Essaouira,CR-Ida Ou Guelloul,1 958,1 868
Marrakech Tensift Al Haouz,Essaouira,CR-Ida Ou Kazzou,2 060,2 038
Marrakech Tensift Al Haouz,Essaouira,CR-Imgrade,2 539,2 355
Marrakech Tensift Al Haouz,Essaouira,CR-Imi N Tlit,2 333,2 267
Marrakech Tensift Al Haouz,Essaouira,CR-Sidi Ahmed Essayeh,2 295,2 161
Marrakech Tensift Al Haouz,Essaouira,CR-Sidi El Jazouli,2 478,2 422
Marrakech Tensift Al Haouz,Essaouira,CR-Sidi Ghaneme,2 470,2 468
Marrakech Tensift Al Haouz,Essaouira,CR-Sidi H Mad Ou M Barek,1 846,1 636
Marrakech Tensift Al Haouz,Essaouira,CR-Sidi Hmad Ou Hamed,2 202,2 201
Marrakech Tensift Al Haouz,Essaouira,CR-Sidi Kaouki,1 692,1 630
Marrakech Tensift Al Haouz,Essaouira,CR-Smimou,1 259,1 193
Marrakech Tensift Al Haouz,Essaouira,AC-Smimou,754,699
Marrakech Tensift Al Haouz,Essaouira,CR-Tafedna,2 025,1 984
Marrakech Tensift Al Haouz,Essaouira,CR-Tahelouante,1 670,1 665
Marrakech Tensift Al Haouz,Essaouira,CR-Takoucht,2 324,2 321
Marrakech Tensift Al Haouz,Essaouira,CR-Targante,2 549,2 306
Marrakech Tensift Al Haouz,Essaouira,CR-Tidzi,1 625,1 612
Marrakech Tensift Al Haouz,Essaouira,CR-Timizguida Ouftas,1 764,1 546
Marrakech Tensift Al Haouz,Marrakech,(Tous),400 877,356 895
Marrakech Tensift Al Haouz,Marrakech,MU-Mechouar Kasba,8 758,7 690
Marrakech Tensift Al Haouz,Marrakech,AR-Annakhil,21 656,19 020
Marrakech Tensift Al Haouz,Marrakech,AR-Gueliz,66 303,59 087
Marrakech Tensift Al Haouz,Marrakech,AR-Marrakech Medina,68 374,59 292
Marrakech Tensift Al Haouz,Marrakech,AR-Menara,102 318,90 424
Marrakech Tensift Al Haouz,Marrakech,AR-Sidi Youssef Ben Ali,46 857,40 508
Marrakech Tensift Al Haouz,Marrakech,CR-Alouidane,7 970,7 301
Marrakech Tensift Al Haouz,Marrakech,CR-Harbil,5 931,5 747
Marrakech Tensift Al Haouz,Marrakech,CR-M Nabha,4 103,3 914
Marrakech Tensift Al Haouz,Marrakech,AC-Kettara,488,373
Marrakech Tensift Al Haouz,Marrakech,CR-Ouahat Sidi Brahim,4 295,4 073
Marrakech Tensift Al Haouz,Marrakech,CR-Oulad Hassoune,7 071,6 289
Marrakech Tensift Al Haouz,Marrakech,CR-Ouled Dlim,5 404,5 324
Marrakech Tensift Al Haouz,Marrakech,CR-Agafay,3 551,3 442
Marrakech Tensift Al Haouz,Marrakech,CR-Ait Imour,3 903,3 795
Marrakech Tensift Al Haouz,Marrakech,CR-Loudaya,6 833,6 390
Marrakech Tensift Al Haouz,Marrakech,AC-Loudaya,3 385,2 931
Marrakech Tensift Al Haouz,Marrakech,CR-Saada,12 749,12 131
Marrakech Tensift Al Haouz,Marrakech,CR-Sid Zouine,600,570
Marrakech Tensift Al Haouz,Marrakech,AC-Sid Zouine,3 272,2 925
Marrakech Tensift Al Haouz,Marrakech,CR-Souihla,6 905,6 336
Marrakech Tensift Al Haouz,Marrakech,CR-Tassoultante,10 151,9 333
L'Oriental,Berkane,(Tous),95 084,76 853
L'Oriental,Berkane,MU-Ahfir,6 058,4 410
L'Oriental,Berkane,MU-Ain Erreggada,1 035,622
L'Oriental,Berkane,MU-Aklim,2 450,2 171
L'Oriental,Berkane,MU-Berkane,27 644,22 134
L'Oriental,Berkane,MU-Saidia,1 277,988
L'Oriental,Berkane,MU-Sidi Sliman Echcharaa,8 246,6 343
L'Oriental,Berkane,CR-Aghbal,5 147,4 414
L'Oriental,Berkane,CR-Fezouane,3 844,3 261
L'Oriental,Berkane,CR-Laatamna,5 446,4 644
L'Oriental,Berkane,CR-Madagh,4 219,3 363
L'Oriental,Berkane,AC-Madagh,849,646
L'Oriental,Berkane,CR-Boughriba,7 174,6 351
L'Oriental,Berkane,CR-Chouihia,5 220,4 050
L'Oriental,Berkane,CR-Rislane,1 743,1 617
L'Oriental,Berkane,CR-Sidi Bouhria,1 582,1 244
L'Oriental,Berkane,CR-Tafoughalt,975,823
L'Oriental,Berkane,CR-Zegzel,5 626,4 828
L'Oriental,Berkane,AC-Bouhdila,6 549,4 944
L'Oriental,Figuig,(Tous),38 954,32 453
L'Oriental,Figuig,MU-Bouarfa,7 482,5 351
L'Oriental,Figuig,MU-Figuig,3 320,2 536
L'Oriental,Figuig,CR-Ain Chouater,435,249
L'Oriental,Figuig,CR-Bni Tadjite,2 329,2 027
L'Oriental,Figuig,AC-Bni tadjite,2 038,1 669
L'Oriental,Figuig,CR-Bouanane,2 268,1 814
L'Oriental,Figuig,AC-Bouanane,948,621
L'Oriental,Figuig,CR-Bouchaouene,3 600,3 484
L'Oriental,Figuig,CR-Boumerieme,2 463,2 428
L'Oriental,Figuig,CR-Talsint,2 578,2 388
L'Oriental,Figuig,AC-Talsint,1 862,1 348
L'Oriental,Figuig,CR-Abbou Lakhal,365,325
L'Oriental,Figuig,CR-Bni Guil,2 894,2 629
L'Oriental,Figuig,CR-Maatarka,2 384,2 282
L'Oriental,Figuig,CR-Tendrara,2 088,1 986
L'Oriental,Figuig,AC-Tendrara,1 900,1 316
L'Oriental,Jerada,(Tous),32 113,22 458
L'Oriental,Jerada,MU-Ain Bni Mathar,3 825,2 674
L'Oriental,Jerada,MU-Jerada,13 194,7 565
L'Oriental,Jerada,MU-Touissit,1 049,563
L'Oriental,Jerada,CR-Gafait,1 034,822
L'Oriental,Jerada,CR-Guenfouda,2 005,1 619
L'Oriental,Jerada,CR-Laaouinate,1 322,854
L'Oriental,Jerada,CR-Lebkhata,757,701
L'Oriental,Jerada,CR-Ras Asfour,572,568
L'Oriental,Jerada,CR-Sidi Boubker,264,205
L'Oriental,Jerada,AC-Sidi boubker,594,366
L'Oriental,Jerada,CR-Tiouli,1 289,1 072
L'Oriental,Jerada,AC-Oued El Heimer,603,415
L'Oriental,Jerada,CR-Bni Mathar,1 990,1 642
L'Oriental,Jerada,CR-Mrija,999,983
L'Oriental,Jerada,CR-Oulad Ghziyel,1 139,988
L'Oriental,Jerada,CR-Oulad Sidi Abdelhakem,1 477,1 421
L'Oriental,Nador,(Tous),247 059,201 504
L'Oriental,Nador,MU-Al Aaroui,11 227,9 237
L'Oriental,Nador,MU-Bni Ansar,11 963,10 091
L'Oriental,Nador,MU-Nador,47 304,39 994
L'Oriental,Nador,MU-Zaio,10 256,7 252
L'Oriental,Nador,MU-Zeghanghane,6 425,5 335
L'Oriental,Nador,CR-Ain Zohra,3 536,2 542
L'Oriental,Nador,CR-Ait Mait,2 715,2 194
L'Oriental,Nador,CR-Amejjaou,2 287,1 776
L'Oriental,Nador,CR-Dar El Kebdani,2 241,1 593
L'Oriental,Nador,AC-Dar El Kebdani,787,665
L'Oriental,Nador,CR-Driouch,5 524,4 199
L'Oriental,Nador,AC-Driouch,3 218,2 683
L'Oriental,Nador,CR-Oulad Boubker,1 483,1 290
L'Oriental,Nador,CR-Tazaghine,1 787,1 351
L'Oriental,Nador,CR-Bni Bouifrour,2 322,2 065
L'Oriental,Nador,AC-Jaadar,2 946,2 433
L'Oriental,Nador,CR-Bni Chiker,6 403,4 988
L'Oriental,Nador,AC-Bni Chiker,1 435,1 170
L'Oriental,Nador,CR-Bni Sidel Jbel,2 973,2 580
L'Oriental,Nador,CR-Bni Sidel Louta,2 019,1 719
L'Oriental,Nador,CR-Bouarg,6 079,5 540
L'Oriental,Nador,AC-Taouima,2 112,1 517
L'Oriental,Nador,CR-Farkhana,2 913,2 339
L'Oriental,Nador,AC-Farkhana,3 754,2 893
L'Oriental,Nador,CR-Iaazzanene,3 328,2 942
L'Oriental,Nador,CR-Ihaddadene,348,334
L'Oriental,Nador,AC-Bouizazarene Ihaddadene,8 519,6 986
L'Oriental,Nador,CR-Iksane,2 910,2 377
L'Oriental,Nador,CR-Selouane,5 204,4 405
L'Oriental,Nador,AC-Selouane,3 276,2 710
L'Oriental,Nador,CR-Afsou,1 191,1 120
L'Oriental,Nador,CR-AlBarkanyene,748,655
L'Oriental,Nador,CR-Arekmane,5 045,4 199
L'Oriental,Nador,AC-Kariat arkmane,1 852,1 496
L'Oriental,Nador,CR-Bni Oukil Oulad M Hand,3 177,2 965
L'Oriental,Nador,CR-Hassi Berkane,2 877,2 514
L'Oriental,Nador,CR-Oulad Daoud Zkhanine,1 378,1 260
L'Oriental,Nador,CR-Oulad Settout,7 632,6 821
L'Oriental,Nador,CR-Ras El Ma,2 172,1 489
L'Oriental,Nador,AC-Ras El Ma,1 551,1 331
L'Oriental,Nador,CR-Tiztoutine,2 049,1 818
L'Oriental,Nador,AC-Tiztoutine,1 372,974
L'Oriental,Nador,CR-Azlaf,1 978,1 474
L'Oriental,Nador,CR-Ben Taieb,3 492,2 822
L'Oriental,Nador,AC-Ben taieb,3 842,2 703
L'Oriental,Nador,CR-Bni Marghnine,2 103,1 545
L'Oriental,Nador,CR-Boudinar,2 589,1 996
L'Oriental,Nador,CR-Iferni,1 883,1 721
L'Oriental,Nador,CR-Ijermaouas,4 297,3 356
L'Oriental,Nador,CR-Midar,1 112,774
L'Oriental,Nador,AC-Midar,3 804,3 072
L'Oriental,Nador,CR-M Hajer,1 361,942
L'Oriental,Nador,CR-Ouardana,2 080,1 770
L'Oriental,Nador,CR-Oulad Amghar,2 292,1 627
L'Oriental,Nador,CR-Tafersit,2 029,1 605
L'Oriental,Nador,AC-Tafersit,990,770
L'Oriental,Nador,CR-Talilit,1 473,1 240
L'Oriental,Nador,CR-Temsamane,3 870,2 980
L'Oriental,Nador,AC-Kourouna,698,643
L'Oriental,Nador,CR-Trougout,4 655,3 327
L'Oriental,Nador,CR-Tsaft,3 523,2 835
L'Oriental,Nador,AC-Kassita,650,460
L'Oriental,Ouajda Angad,(Tous),161 254,126 002
L'Oriental,Ouajda Angad,MU-Bni Drar,2 723,2 185
L'Oriental,Ouajda Angad,MU-Naima,390,258
L'Oriental,Ouajda Angad,MU-Oujda,135 301,103 561
L'Oriental,Ouajda Angad,CR-Ahl Angad,5 887,4 865
L'Oriental,Ouajda Angad,CR-Ain Sfa,2 245,2 095
L'Oriental,Ouajda Angad,CR-Bni Khaled,2 495,2 353
L'Oriental,Ouajda Angad,CR-Bsara,684,538
L'Oriental,Ouajda Angad,CR-Isly,7 739,6 784
L'Oriental,Ouajda Angad,CR-Mestferki,1 615,1 412
L'Oriental,Ouajda Angad,CR-Sidi Boulenouar,1 143,968
L'Oriental,Ouajda Angad,CR-Sidi Moussa Lemhaya,1 032,983
L'Oriental,Taourirt,(Tous),66 683,55 791
L'Oriental,Taourirt,MU-Debdou,1 426,988
L'Oriental,Taourirt,MU-El Aioun Sidi Mellouk,11 978,8 526
L'Oriental,Taourirt,MU-Taourirt,23 846,19 107
L'Oriental,Taourirt,CR-ElAtef,883,769
L'Oriental,Taourirt,CR-Oulad M hammed,711,708
L'Oriental,Taourirt,CR-Sidi Ali Belkassem,3 830,3 677
L'Oriental,Taourirt,CR-Sidi Lahsen,3 217,2 877
L'Oriental,Taourirt,CR-Ain Lehjer,3 483,3 284
L'Oriental,Taourirt,CR-Mechraa Hammadi,2 668,2 468
L'Oriental,Taourirt,CR-Mestegmer,2 313,2 069
L'Oriental,Taourirt,CR-Tancherfi,2 670,2 535
L'Oriental,Taourirt,CR-Ahl Oued Za,4 968,4 348
L'Oriental,Taourirt,CR-Gteter,2 257,2 155
L'Oriental,Taourirt,CR-Melg El Ouidane,2 433,2 280
Grand Casablanca,Casablanca,(Tous),1 221 057,1 049 538
Grand Casablanca,Casablanca,AR-Anfa,42 364,37 585
Grand Casablanca,Casablanca,AR-El Maarif,81 405,74 994
Grand Casablanca,Casablanca,AR-Sidi Belyout,97 754,85 604
Grand Casablanca,Casablanca,AR-Al Fida,80 435,67 722
Grand Casablanca,Casablanca,AR-Mers Sultan,64 793,54 972
Grand Casablanca,Casablanca,AR-Ain Sebaa,60 641,50 832
Grand Casablanca,Casablanca,AR-Assoukhour Assawda,42 317,36 986
Grand Casablanca,Casablanca,AR-Hay Mohammadi,64 359,52 763
Grand Casablanca,Casablanca,AR-Hay Hassani,135 765,121 771
Grand Casablanca,Casablanca,AR-Ain Chock,104 280,90 564
Grand Casablanca,Casablanca,AR-Sidi Bernoussi,67 182,56 630
Grand Casablanca,Casablanca,AR-Sidi Moumen,110 979,95 748
Grand Casablanca,Casablanca,AR-Ben M Sick,67 589,55 357
Grand Casablanca,Casablanca,AR-Sbata,47 353,40 096
Grand Casablanca,Casablanca,AR-Moulay Rachid,81 900,69 330
Grand Casablanca,Casablanca,AR-Sidi Othmane,70 534,57 290
Grand Casablanca,Casablanca,MU-Mechouar Casablanca,1 407,1 294
Grand Casablanca,Mediouna,(Tous),45 117,39 676
Grand Casablanca,Mediouna,MU-Mediouna,5 647,4 656
Grand Casablanca,Mediouna,MU-Tit Mellil,4 447,3 709
Grand Casablanca,Mediouna,CR-AlMajjatia Oulad Taleb,8 508,7 874
Grand Casablanca,Mediouna,CR-Lahraouyine,2 042,1 748
Grand Casablanca,Mediouna,AC-Lahraouyine,17 566,15 506
Grand Casablanca,Mediouna,CR-Sidi Hajjaj Oued Hassar,6 907,6 183
Grand Casablanca,Mohammedia,(Tous),122 820,103 887
Grand Casablanca,Mohammedia,MU-Mohammedia,72 882,60 337
Grand Casablanca,Mohammedia,MU-Ain Harrouda,16 061,13 974
Grand Casablanca,Mohammedia,CR-Bni Yakhlef,7 052,6 330
Grand Casablanca,Mohammedia,AC-Bni Yakhlef,4 138,3 525
Grand Casablanca,Mohammedia,CR-Ech challalate,14 315,12 706
Grand Casablanca,Mohammedia,CR-Sidi Moussa Ben Ali,3 520,2 897
Grand Casablanca,Mohammedia,CR-Sidi Moussa Majdoub,4 852,4 118
Grand Casablanca,Nouaceur,(Tous),89 479,80 171
Grand Casablanca,Nouaceur,MU-Nouaceur,4 294,3 475
Grand Casablanca,Nouaceur,CR-Bouskoura,17 043,15 575
Grand Casablanca,Nouaceur,AC-Bouskoura,5 097,4 522
Grand Casablanca,Nouaceur,AC-Lamkansa,13 885,12 608
Grand Casablanca,Nouaceur,CR-Dar Bouazza,43 421,39 336
Grand Casablanca,Nouaceur,CR-Oulad Salah,5 739,4 655
Rabat Sale Zemmour Zear,Khemisset,(Tous),184 092,158 609
Rabat Sale Zemmour Zear,Khemisset,MU-Khemisset,34 882,26 383
Rabat Sale Zemmour Zear,Khemisset,MU-Rommani,4 356,3 664
Rabat Sale Zemmour Zear,Khemisset,MU-Tiflet,23 038,17 200
Rabat Sale Zemmour Zear,Khemisset,CR-Ait Mimoune,3 727,3 516
Rabat Sale Zemmour Zear,Khemisset,CR-Ait Ouribel,3 207,2 928
Rabat Sale Zemmour Zear,Khemisset,CR-Ait Siberne,2 079,1 974
Rabat Sale Zemmour Zear,Khemisset,CR-Ait Yadine,7 734,7 259
Rabat Sale Zemmour Zear,Khemisset,CR-ElGanzra,4 808,4 418
Rabat Sale Zemmour Zear,Khemisset,CR-Majmaa Tolba,4 819,4 442
Rabat Sale Zemmour Zear,Khemisset,CR-Sfassif,2 807,2 713
Rabat Sale Zemmour Zear,Khemisset,CR-Sidi Allal Lamsadder,3 343,3 158
Rabat Sale Zemmour Zear,Khemisset,CR-Sidi El Ghandour,6 722,5 657
Rabat Sale Zemmour Zear,Khemisset,CR-Ait Ichou,795,724
Rabat Sale Zemmour Zear,Khemisset,CR-Ait Ikkou,3 447,3 236
Rabat Sale Zemmour Zear,Khemisset,CR-Bouqachmir,1 693,1 641
Rabat Sale Zemmour Zear,Khemisset,CR-Houderrane,2 364,2 126
Rabat Sale Zemmour Zear,Khemisset,CR-Maaziz,1 164,1 034
Rabat Sale Zemmour Zear,Khemisset,AC-Maaziz,2 411,1 828
Rabat Sale Zemmour Zear,Khemisset,CR-Oulmes,3 807,3 464
Rabat Sale Zemmour Zear,Khemisset,AC-Oulmes,3 206,2 349
Rabat Sale Zemmour Zear,Khemisset,CR-Tiddas,3 083,2 780
Rabat Sale Zemmour Zear,Khemisset,AC-Tiddas,1 054,783
Rabat Sale Zemmour Zear,Khemisset,CR-Ain Sbit,3 726,3 442
Rabat Sale Zemmour Zear,Khemisset,CR-Brachoua,4 522,4 062
Rabat Sale Zemmour Zear,Khemisset,CR-Ezzhiliga,5 534,5 246
Rabat Sale Zemmour Zear,Khemisset,CR-Jemaat Moul Blad,2 240,2 162
Rabat Sale Zemmour Zear,Khemisset,CR-Laghoualem,4 781,4 493
Rabat Sale Zemmour Zear,Khemisset,CR-Marchouch,4 114,3 555
Rabat Sale Zemmour Zear,Khemisset,CR-Moulay Driss Aghbal,1 993,1 885
Rabat Sale Zemmour Zear,Khemisset,CR-Ain Johra,4 646,4 474
Rabat Sale Zemmour Zear,Khemisset,CR-Ait Belkacem,1 910,1 870
Rabat Sale Zemmour Zear,Khemisset,CR-Ait Bouyahya El Hajjama,2 255,2 047
Rabat Sale Zemmour Zear,Khemisset,CR-Ait Malek,1 642,1 511
Rabat Sale Zemmour Zear,Khemisset,CR-Khemis Sidi Yahya,2 711,2 572
Rabat Sale Zemmour Zear,Khemisset,CR-M qam Tolba,5 524,5 226
Rabat Sale Zemmour Zear,Khemisset,CR-Sidi Abderrazak,5 188,4 837
Rabat Sale Zemmour Zear,Khemisset,CR-Sidi Boukhalkhal,3 501,3 397
Rabat Sale Zemmour Zear,Khemisset,CR-Sidi Allal El Bahraoui,2 036,1 896
Rabat Sale Zemmour Zear,Khemisset,AC-Sidi Allal El Bahraoui,3 223,2 657
Rabat Sale Zemmour Zear,Rabat,(Tous),267 367,230 224
Rabat Sale Zemmour Zear,Rabat,AR-Agdal Riyad,40 046,37 666
Rabat Sale Zemmour Zear,Rabat,AR-El Youssoufia,71 890,59 832
Rabat Sale Zemmour Zear,Rabat,AR-Hassan,56 076,49 125
Rabat Sale Zemmour Zear,Rabat,AR-Souissi,13 136,12 294
Rabat Sale Zemmour Zear,Rabat,MU-Touarga,2 074,1 774
Rabat Sale Zemmour Zear,Rabat,AR-Yacoub El Mansour,84 145,69 533
Rabat Sale Zemmour Zear,Sale,(Tous),306 680,255 669
Rabat Sale Zemmour Zear,Sale,AR-Bab Lamrissa,56 460,47 698
Rabat Sale Zemmour Zear,Sale,AR-Bettana,39 982,32 748
Rabat Sale Zemmour Zear,Sale,AR-Hssaine,55 077,46 425
Rabat Sale Zemmour Zear,Sale,AR-Layayda,40 017,32 785
Rabat Sale Zemmour Zear,Sale,AR-Tabriquet,92 039,75 363
Rabat Sale Zemmour Zear,Sale,CR-Shoul,7 500,7 087
Rabat Sale Zemmour Zear,Sale,CR-Sidi Bouknadel,12 308,10 828
Rabat Sale Zemmour Zear,Sale,AC-Bouknadel,3 297,2 735
Rabat Sale Zemmour Zear,Skhirate Temara,(Tous),145 813,127 557
Rabat Sale Zemmour Zear,Skhirate Temara,MU-Ain El Aouda,8 447,7 345
Rabat Sale Zemmour Zear,Skhirate Temara,MU-Harhoura,4 199,3 844
Rabat Sale Zemmour Zear,Skhirate Temara,MU-Skhirate,15 736,13 545
Rabat Sale Zemmour Zear,Skhirate Temara,MU-Temara,85 296,74 482
Rabat Sale Zemmour Zear,Skhirate Temara,CR-ElMenzeh,2 135,1 897
Rabat Sale Zemmour Zear,Skhirate Temara,CR-Oumazza,3 678,3 324
Rabat Sale Zemmour Zear,Skhirate Temara,CR-Sidi Yahya Zaer,9 865,8 752
Rabat Sale Zemmour Zear,Skhirate Temara,CR-Ain Attig,6 784,5 862
Rabat Sale Zemmour Zear,Skhirate Temara,CR-Mers El Kheir,4 974,4 395
Rabat Sale Zemmour Zear,Skhirate Temara,CR-Sabbah,4 699,4 111
Doukkala Abda,El Jadida,(Tous),411 862,381 379
Doukkala Abda,El Jadida,MU-Azemmour,13 773,11 593
Doukkala Abda,El Jadida,MU-El Jadida,55 995,47 431
Doukkala Abda,El Jadida,MU-Lbir Jdid,5 615,4 958
Doukkala Abda,El Jadida,MU-Sidi Bennour,14 315,12 036
Doukkala Abda,El Jadida,MU-Zemamra,4 153,3 420
Doukkala Abda,El Jadida,CR-Chtouka,10 220,9 460
Doukkala Abda,El Jadida,CR-Haouzia,12 057,11 541
Doukkala Abda,El Jadida,CR-Laghdira,7 692,7 276
Doukkala Abda,El Jadida,CR-Lamharza Essahel,5 695,5 441
Doukkala Abda,El Jadida,CR-Oulad Rahmoune,7 096,7 011
Doukkala Abda,El Jadida,CR-Sidi Ali Ben Hamdouche,9 410,8 605
Doukkala Abda,El Jadida,AC-Sidi Ali Ben Hamdouche,1 260,1 072
Doukkala Abda,El Jadida,CR-Moulay Abdallah,13 025,12 163
Doukkala Abda,El Jadida,AC-Moulay Abdallah,2 177,1 754
Doukkala Abda,El Jadida,AC-Oulad Ghadbane,1 395,1 065
Doukkala Abda,El Jadida,AC-Sidi Bouzid,415,378
Doukkala Abda,El Jadida,CR-Oulad Aissa,8 210,7 450
Doukkala Abda,El Jadida,CR-Oulad Ghanem,7 879,7 222
Doukkala Abda,El Jadida,CR-Oulad Hcine,13 086,12 873
Doukkala Abda,El Jadida,CR-Sidi Abed,7 657,7 490
Doukkala Abda,El Jadida,CR-Sidi M Hamed Akhdim,4 714,4 502
Doukkala Abda,El Jadida,CR-Bni Hilal,5 548,5 434
Doukkala Abda,El Jadida,CR-Bni Tsiriss,5 207,5 145
Doukkala Abda,El Jadida,CR-Bouhmame,7 862,7 610
Doukkala Abda,El Jadida,AC-Karia,2 727,2 331
Doukkala Abda,El Jadida,CR-Jabria,8 075,7 848
Doukkala Abda,El Jadida,CR-Khmis Ksiba,2 618,2 567
Doukkala Abda,El Jadida,CR-Koudiat Bni Dghough,5 553,5 168
Doukkala Abda,El Jadida,CR-Kridid,3 870,3 736
Doukkala Abda,El Jadida,AC-Sebt Lamaarif,636,611
Doukkala Abda,El Jadida,CR-Laagagcha,5 201,5 059
Doukkala Abda,El Jadida,CR-Laamria,4 384,4 360
Doukkala Abda,El Jadida,CR-Laaounate,6 107,5 984
Doukkala Abda,El Jadida,AC-Laaounate,1 455,1 314
Doukkala Abda,El Jadida,CR-Laatatra,5 454,5 361
Doukkala Abda,El Jadida,CR-Lmechrek,5 294,5 139
Doukkala Abda,El Jadida,CR-Metrane,5 053,4 854
Doukkala Abda,El Jadida,CR-M Tal,4 877,4 536
Doukkala Abda,El Jadida,CR-Oulad Amrane,3 289,2 973
Doukkala Abda,El Jadida,AC-Oulad Amrane,507,408
Doukkala Abda,El Jadida,CR-Oulad Boussaken,3 148,3 103
Doukkala Abda,El Jadida,CR-Oulad Si Bouhya,6 685,6 536
Doukkala Abda,El Jadida,CR-Tamda,3 306,3 212
Doukkala Abda,El Jadida,CR-Boulaouane,5 106,5 040
Doukkala Abda,El Jadida,CR-Chaibate,3 413,3 264
Doukkala Abda,El Jadida,CR-Mettouh,9 449,9 162
Doukkala Abda,El Jadida,CR-Mogress,5 371,4 995
Doukkala Abda,El Jadida,CR-Oulad Hamdane,5 994,5 866
Doukkala Abda,El Jadida,CR-Oulad Sidi Ali Ben Youssef,3 313,3 199
Doukkala Abda,El Jadida,CR-Oulad Frej,2 304,2 200
Doukkala Abda,El Jadida,AC-Oulad frej,3 704,3 196
Doukkala Abda,El Jadida,CR-Sebt Saiss,3 948,3 795
Doukkala Abda,El Jadida,CR-SiHsaien Ben Abderrahmane,2 269,2 205
Doukkala Abda,El Jadida,CR-Sidi Smail,7 684,7 376
Doukkala Abda,El Jadida,AC-Sidi Smail,1 571,1 343
Doukkala Abda,El Jadida,CR-Zaouiat Saiss,3 512,3 309
Doukkala Abda,El Jadida,CR-Zaouiat Lakouacem,4 664,4 570
Doukkala Abda,El Jadida,CR-Laghnadra,11 234,10 511
Doukkala Abda,El Jadida,CR-Lgharbia,8 348,7 768
Doukkala Abda,El Jadida,CR-Loualidia,3 393,3 153
Doukkala Abda,El Jadida,AC-Loualidia,1 987,1 619
Doukkala Abda,El Jadida,CR-Oulad Sbaita,9 330,8 784
Doukkala Abda,El Jadida,CR-Saniat Berguig,12 573,11 994
Doukkala Abda,Safi,(Tous),311 942,274 147
Doukkala Abda,Safi,MU-Safi,104 001,82 374
Doukkala Abda,Safi,MU-Echemmaia,7 239,5 788
Doukkala Abda,Safi,MU-Jamaat Shaim,5 091,4 228
Doukkala Abda,Safi,MU-Sebt Gzoula,4 690,4 107
Doukkala Abda,Safi,MU-Youssoufia,20 114,14 396
Doukkala Abda,Safi,CR-Bouguedra,6 949,6 633
Doukkala Abda,Safi,AC-Bouguedra,544,461
Doukkala Abda,Safi,CR-ElGouraani,3 781,3 662
Doukkala Abda,Safi,CR-Labkhati,5 172,5 060
Doukkala Abda,Safi,CR-Lahdar,4 077,3 933
Doukkala Abda,Safi,CR-Lamrasla,6 225,6 050
Doukkala Abda,Safi,CR-Lamsabih,4 170,4 028
Doukkala Abda,Safi,CR-Sidi Aissa,3 418,3 243
Doukkala Abda,Safi,CR-Sidi Ettiji,5 508,5 463
Doukkala Abda,Safi,CR-Atiamim,2 283,2 072
Doukkala Abda,Safi,CR-El Gantour,3 728,3 324
Doukkala Abda,Safi,AC-Sidi Ahmed,2 404,1 541
Doukkala Abda,Safi,CR-Esbiaat,5 539,5 182
Doukkala Abda,Safi,CR-Ighoud,6 984,6 926
Doukkala Abda,Safi,AC-Ighoud,544,411
Doukkala Abda,Safi,CR-Jdour,6 115,5 910
Doukkala Abda,Safi,CR-Jnane Bouih,5 742,5 658
Doukkala Abda,Safi,CR-Lakhoualqa,6 033,5 892
Doukkala Abda,Safi,CR-Ras El Ain,6 125,5 824
Doukkala Abda,Safi,CR-Sidi Chiker,6 806,6 626
Doukkala Abda,Safi,CR-Atouabet,4 076,4 056
Doukkala Abda,Safi,CR-ElGhiate,8 971,8 836
Doukkala Abda,Safi,CR-Khatazakane,6 381,6 240
Doukkala Abda,Safi,CR-Laamamra,4 273,4 195
Doukkala Abda,Safi,CR-Lamaachate,4 936,4 798
Doukkala Abda,Safi,CR-Nagga,7 662,7 286
Doukkala Abda,Safi,CR-Oulad Salmane,6 478,6 276
Doukkala Abda,Safi,CR-Saadla,5 721,5 627
Doukkala Abda,Safi,CR-Ayir,7 303,6 758
Doukkala Abda,Safi,AC-Laakarta,956,782
Doukkala Abda,Safi,CR-Dar Si Aissa,3 896,3 706
Doukkala Abda,Safi,CR-ElBeddouza,4 372,4 095
Doukkala Abda,Safi,CR-Hrara,8 283,7 911
Doukkala Abda,Safi,AC-Hrara,332,277
Doukkala Abda,Safi,CR-Moul El Bergui,5 020,4 512
Tadla Azilal,Azilal,(Tous),170 683,161 725
Tadla Azilal,Azilal,MU-Azilal,7 331,6 185
Tadla Azilal,Azilal,MU-Demnate,6 774,5 912
Tadla Azilal,Azilal,CR-Agoudi N Lkhair,4 521,4 476
Tadla Azilal,Azilal,CR-Ait Abbas,4 011,3 983
Tadla Azilal,Azilal,CR-Ait Bou Oulli,3 580,3 560
Tadla Azilal,Azilal,CR-Ait M Hamed,7 316,7 196
Tadla Azilal,Azilal,CR-Tabant,5 668,5 652
Tadla Azilal,Azilal,CR-Tamda Noumercid,3 662,3 488
Tadla Azilal,Azilal,CR-Zaouiat Ahansal,4 605,4 597
Tadla Azilal,Azilal,CR-Ait Taguella,2 389,2 214
Tadla Azilal,Azilal,CR-Bni Ayat,6 408,5 752
Tadla Azilal,Azilal,CR-Bni Hassane,3 305,3 238
Tadla Azilal,Azilal,CR-Bzou,2 974,2 694
Tadla Azilal,Azilal,AC-Bzou,1 460,1 317
Tadla Azilal,Azilal,CR-Foum Jemaa,1 304,1 163
Tadla Azilal,Azilal,AC-Foum jemaa,1 398,1 181
Tadla Azilal,Azilal,CR-Moulay Aissa Ben Driss,3 512,3 151
Tadla Azilal,Azilal,CR-Rfala,3 499,3 398
Tadla Azilal,Azilal,CR-Tabia,2 775,2 692
Tadla Azilal,Azilal,CR-Tanant,3 125,2 908
Tadla Azilal,Azilal,CR-Taounza,3 556,3 401
Tadla Azilal,Azilal,CR-Tisqi,2 209,2 102
Tadla Azilal,Azilal,CR-Ait Blal,2 207,2 154
Tadla Azilal,Azilal,CR-Ait Majden,5 704,5 574
Tadla Azilal,Azilal,CR-Ait Oumdis,5 885,5 826
Tadla Azilal,Azilal,CR-Ait Tamlil,7 407,7 354
Tadla Azilal,Azilal,CR-Anzou,4 311,4 113
Tadla Azilal,Azilal,CR-Imlil,2 744,2 512
Tadla Azilal,Azilal,CR-Ouaoula,7 269,7 071
Tadla Azilal,Azilal,CR-Sidi Boulkhalf,5 768,5 743
Tadla Azilal,Azilal,CR-Sidi Yacoub,5 759,5 654
Tadla Azilal,Azilal,CR-Tidili Fetouaka,4 859,4 746
Tadla Azilal,Azilal,CR-Tifni,3 358,3 281
Tadla Azilal,Azilal,CR-Afourar,2 446,2 126
Tadla Azilal,Azilal,AC-Afourar,3 331,2 789
Tadla Azilal,Azilal,CR-Ait Mazigh,1 228,1 179
Tadla Azilal,Azilal,CR-Ait Ouaarda,613,600
Tadla Azilal,Azilal,CR-Ait Ouqabli,1 214,1 182
Tadla Azilal,Azilal,CR-Anergui,1 487,1 472
Tadla Azilal,Azilal,CR-Bin El Ouidane,1 915,1 725
Tadla Azilal,Azilal,CR-Isseksi,776,706
Tadla Azilal,Azilal,CR-Ouaouizeght,1 632,1 419
Tadla Azilal,Azilal,AC-Ouaouizaght,2 427,1 929
Tadla Azilal,Azilal,CR-Tabaroucht,1 477,1 465
Tadla Azilal,Azilal,CR-Tagleft,3 917,3 697
Tadla Azilal,Azilal,CR-Tiffert N Ait Hamza,815,789
Tadla Azilal,Azilal,CR-Tilougguite,4 673,4 619
Tadla Azilal,Azilal,CR-Timoulilt,2 079,1 740
Tadla Azilal,Beni Mellal,(Tous),317 204,272 471
Tadla Azilal,Beni Mellal,MU-Beni Mellal,58 594,48 163
Tadla Azilal,Beni Mellal,MU-El Ksiba,5 536,4 161
Tadla Azilal,Beni Mellal,MU-Fquih Ben Salah,27 500,21 920
Tadla Azilal,Beni Mellal,MU-Kasba Tadla,12 665,9 935
Tadla Azilal,Beni Mellal,MU-Oulad Ayad,6 212,4 783
Tadla Azilal,Beni Mellal,MU-Souk Sebt Oulad Nemma,16 531,13 489
Tadla Azilal,Beni Mellal,MU-Zaouiat Cheikh,6 643,5 286
Tadla Azilal,Beni Mellal,CR-Foum Oudi,2 458,2 261
Tadla Azilal,Beni Mellal,CR-Oulad Gnaou,3 617,3 192
Tadla Azilal,Beni Mellal,CR-Oulad M Barek,1 863,1 670
Tadla Azilal,Beni Mellal,AC-Oulad M Barek,3 789,2 884
Tadla Azilal,Beni Mellal,CR-Oulad Yaich,7 000,6 403
Tadla Azilal,Beni Mellal,AC-Oulad Yaich,2 430,1 980
Tadla Azilal,Beni Mellal,CR-Sidi Jaber,4 890,4 235
Tadla Azilal,Beni Mellal,AC-Sidi jaber,1 532,1 253
Tadla Azilal,Beni Mellal,CR-Dar Ould Zidouh,5 639,4 943
Tadla Azilal,Beni Mellal,AC-Dar Ould Zidouh,3 070,2 251
Tadla Azilal,Beni Mellal,CR-Had Boumoussa,13 248,12 066
Tadla Azilal,Beni Mellal,CR-Oulad Bourahmoune,4 744,4 230
Tadla Azilal,Beni Mellal,CR-Oulad Nacer,9 581,8 863
Tadla Azilal,Beni Mellal,CR-Oulad Zmam,12 186,10 416
Tadla Azilal,Beni Mellal,CR-Sidi Aissa Ben Ali,7 414,6 394
Tadla Azilal,Beni Mellal,CR-Sidi Hammadi,5 193,4 409
Tadla Azilal,Beni Mellal,CR-Aghbala,2 041,2 019
Tadla Azilal,Beni Mellal,AC-Aghbala,1 896,1 705
Tadla Azilal,Beni Mellal,CR-Ait Oum El Bekht,3 600,3 342
Tadla Azilal,Beni Mellal,CR-Boutferda,2 377,2 344
Tadla Azilal,Beni Mellal,CR-Dir El Ksiba,6 157,5 752
Tadla Azilal,Beni Mellal,CR-Foum El Anceur,4 703,4 239
Tadla Azilal,Beni Mellal,CR-Naour,2 188,2 114
Tadla Azilal,Beni Mellal,CR-Taghzirt,5 789,5 337
Tadla Azilal,Beni Mellal,CR-Tanougha,3 332,3 148
Tadla Azilal,Beni Mellal,CR-Tizi N Isly,3 222,3 097
Tadla Azilal,Beni Mellal,CR-AlKhalfia,4 461,3 909
Tadla Azilal,Beni Mellal,CR-Bni Chegdale,3 663,2 879
Tadla Azilal,Beni Mellal,CR-Bni Oukil,5 331,4 975
Tadla Azilal,Beni Mellal,CR-Bradia,9 377,8 864
Tadla Azilal,Beni Mellal,AC-Bradia,1 932,1 712
Tadla Azilal,Beni Mellal,CR-Hel Merbaa,4 618,4 429
Tadla Azilal,Beni Mellal,CR-Krifate,12 978,11 734
Tadla Azilal,Beni Mellal,CR-Guettaya,4 926,4 375
Tadla Azilal,Beni Mellal,CR-Oulad Youssef,3 916,3 513
Tadla Azilal,Beni Mellal,CR-Oulad Said L Oued,4 007,3 640
Tadla Azilal,Beni Mellal,CR-Semguet,4 355,4 157
Meknes Tafilalet,Meknes,(Tous),257 135,213 027
Meknes Tafilalet,Meknes,MU-Meknes,170 273,137 834
Meknes Tafilalet,Meknes,MU-Al Machouar Stinia,2 189,1 794
Meknes Tafilalet,Meknes,MU-Boufakrane,2 113,1 765
Meknes Tafilalet,Meknes,MU-Toulal,5 085,4 183
Meknes Tafilalet,Meknes,MU-Moulay Driss Zerhoun,4 509,3 420
Meknes Tafilalet,Meknes,MU-Ouislane,15 856,12 061
Meknes Tafilalet,Meknes,CR-Ain Jemaa,3 453,3 294
Meknes Tafilalet,Meknes,AC-Ain jemaa,959,814
Meknes Tafilalet,Meknes,CR-Ain Karma,2 161,2 047
Meknes Tafilalet,Meknes,AC-Ain Karma,1 325,1 109
Meknes Tafilalet,Meknes,CR-Ain Orma,1 406,1 225
Meknes Tafilalet,Meknes,CR-Ait Ouallal,1 895,1 835
Meknes Tafilalet,Meknes,CR-Dar Oum Soltane,1 831,1 769
Meknes Tafilalet,Meknes,CR-Oued Rommane,2 451,2 318
Meknes Tafilalet,Meknes,CR-Dkhissa,5 031,4 500
Meknes Tafilalet,Meknes,CR-Majjate,3 261,2 950
Meknes Tafilalet,Meknes,CR-M haya,6 501,5 969
Meknes Tafilalet,Meknes,AC-M haya,1 315,1 100
Meknes Tafilalet,Meknes,CR-Oued Jdida,4 975,4 356
Meknes Tafilalet,Meknes,CR-Sidi Sliman Mol Kifane,3 794,3 290
Meknes Tafilalet,Meknes,AC-Hadj Kaddour,1 571,1 359
Meknes Tafilalet,Meknes,CR-Charqaoua,1 801,1 794
Meknes Tafilalet,Meknes,CR-Karmet Ben Salem,1 472,1 351
Meknes Tafilalet,Meknes,CR-M Rhassiyine,2 703,2 399
Meknes Tafilalet,Meknes,CR-N zalat Bni Amar,2 730,2 531
Meknes Tafilalet,Meknes,AC-N zalat,396,341
Meknes Tafilalet,Meknes,CR-Oualili,2 416,2 089
Meknes Tafilalet,Meknes,CR-Sidi Abdallah Khayat,3 663,3 530
Meknes Tafilalet,El Hajeb,(Tous),73 530,65 141
Meknes Tafilalet,El Hajeb,MU-Agourai,4 635,3 761
Meknes Tafilalet,El Hajeb,MU-Ain Taoujdate,7 117,5 933
Meknes Tafilalet,El Hajeb,MU-El Hajeb,9 185,7 178
Meknes Tafilalet,El Hajeb,MU-Sabaa Aiyoun,6 740,5 651
Meknes Tafilalet,El Hajeb,CR-Ait Ouikhalfen,1 726,1 626
Meknes Tafilalet,El Hajeb,CR-Ait Yaazem,4 821,4 474
Meknes Tafilalet,El Hajeb,CR-Jahjouh,1 541,1 383
Meknes Tafilalet,El Hajeb,AC-Sebt Jahjouh,1 214,1 032
Meknes Tafilalet,El Hajeb,CR-Ras Ijerri,2 316,2 088
Meknes Tafilalet,El Hajeb,CR-Tamchachate,1 507,1 494
Meknes Tafilalet,El Hajeb,CR-Ait Boubidmane,3 862,3 540
Meknes Tafilalet,El Hajeb,AC-Bouderbala,1 569,1 489
Meknes Tafilalet,El Hajeb,CR-Ait Harz Allah,4 415,4 267
Meknes Tafilalet,El Hajeb,CR-Bitit,3 371,3 293
Meknes Tafilalet,El Hajeb,CR-Laqsir,10 674,9 401
Meknes Tafilalet,El Hajeb,CR-Ait Bourzouine,3 065,2 925
Meknes Tafilalet,El Hajeb,CR-Ait Naamane,2 215,2 155
Meknes Tafilalet,El Hajeb,CR-Iqaddar,3 557,3 451
Meknes Tafilalet,Errachidia,(Tous),169 876,148 639
Meknes Tafilalet,Errachidia,MU-Arfoud,6 474,5 114
Meknes Tafilalet,Errachidia,MU-Boudnib,2 321,1 780
Meknes Tafilalet,Errachidia,MU-Errachidia,22 276,17 603
Meknes Tafilalet,Errachidia,MU-Er rich,5 189,3 997
Meknes Tafilalet,Errachidia,MU-Goulmima,4 327,3 449
Meknes Tafilalet,Errachidia,MU-Jorf,3 004,2 320
Meknes Tafilalet,Errachidia,MU-Moulay Ali Cherif,5 248,4 591
Meknes Tafilalet,Errachidia,MU-Tinejdad,1 874,1 536
Meknes Tafilalet,Errachidia,CR-Aarab Sebbah Gheris,1 512,1 204
Meknes Tafilalet,Errachidia,CR-Aarab Sebbah Ziz,5 270,4 528
Meknes Tafilalet,Errachidia,CR-Alnif,3 685,2 992
Meknes Tafilalet,Errachidia,AC-Alnif,724,690
Meknes Tafilalet,Errachidia,CR-Es sifa,1 861,1 697
Meknes Tafilalet,Errachidia,CR-Fezna,953,861
Meknes Tafilalet,Errachidia,CR-H Ssyia,2 845,2 628
Meknes Tafilalet,Errachidia,CR-M Ssici,2 631,2 317
Meknes Tafilalet,Errachidia,CR-Ait Hani,3 721,3 644
Meknes Tafilalet,Errachidia,CR-Amellagou,2 034,1 993
Meknes Tafilalet,Errachidia,CR-Assoul,2 617,2 338
Meknes Tafilalet,Errachidia,CR-Aoufous,3 214,2 899
Meknes Tafilalet,Errachidia,AC-Aoufous,370,350
Meknes Tafilalet,Errachidia,CR-Chorfa M Daghra,4 339,3 914
Meknes Tafilalet,Errachidia,CR-Er rteb,3 857,3 582
Meknes Tafilalet,Errachidia,CR-Lkheng,4 257,3 717
Meknes Tafilalet,Errachidia,CR-Oued Naam,2 031,1 800
Meknes Tafilalet,Errachidia,CR-En nzala,2 095,2 076
Meknes Tafilalet,Errachidia,CR-Gourrama,3 612,3 407
Meknes Tafilalet,Errachidia,AC-Gourrama,890,690
Meknes Tafilalet,Errachidia,CR-Guers Tiaallaline,3 931,3 758
Meknes Tafilalet,Errachidia,CR-Guir,1 666,1 608
Meknes Tafilalet,Errachidia,CR-M Zizel,2 185,2 122
Meknes Tafilalet,Errachidia,CR-Sidi Aayad,2 812,2 673
Meknes Tafilalet,Errachidia,CR-Zaouiat Sidi Hamza,1 809,1 693
Meknes Tafilalet,Errachidia,CR-Bni M Hamed Sijelmassa,4 667,3 798
Meknes Tafilalet,Errachidia,CR-Er rissani,1 599,1 321
Meknes Tafilalet,Errachidia,CR-Es sfalat,3 727,3 413
Meknes Tafilalet,Errachidia,CR-Et taous,1 756,1 317
Meknes Tafilalet,Errachidia,CR-Sidi Ali,808,669
Meknes Tafilalet,Errachidia,CR-Aghbalou N Kerdous,4 251,4 179
Meknes Tafilalet,Errachidia,CR-Ferkla El Oulia,5 712,4 719
Meknes Tafilalet,Errachidia,CR-Ferkla Es soufla,3 389,2 987
Meknes Tafilalet,Errachidia,CR-Gheris El Ouloui,3 939,3 189
Meknes Tafilalet,Errachidia,CR-Gheris Es soufli,2 503,2 388
Meknes Tafilalet,Errachidia,CR-Melaab,4 096,3 676
Meknes Tafilalet,Errachidia,CR-Tadighoust,2 586,2 377
Meknes Tafilalet,Errachidia,CR-Ait Yahya,1 976,1 974
Meknes Tafilalet,Errachidia,CR-Amouguer,2 725,2 662
Meknes Tafilalet,Errachidia,CR-Bou Azmou,4 012,3 947
Meknes Tafilalet,Errachidia,CR-Imilchil,3 289,3 250
Meknes Tafilalet,Errachidia,CR-Outerbat,3 207,3 202
Meknes Tafilalet,Ifrane,(Tous),51 054,44 769
Meknes Tafilalet,Ifrane,MU-Azrou,17 234,14 068
Meknes Tafilalet,Ifrane,MU-Ifrane,4 609,3 582
Meknes Tafilalet,Ifrane,CR-Ain Leuh,1 616,1 537
Meknes Tafilalet,Ifrane,AC-Ain Leuh,1 790,1 449
Meknes Tafilalet,Ifrane,CR-Ben Smim,2 240,1 964
Meknes Tafilalet,Ifrane,CR-Oued Ifrane,3 331,3 177
Meknes Tafilalet,Ifrane,AC-Souk L Had,856,645
Meknes Tafilalet,Ifrane,CR-Sidi El Makhfi,4 722,4 578
Meknes Tafilalet,Ifrane,AC-Sidi addi,949,855
Meknes Tafilalet,Ifrane,CR-Tigrigra,3 847,3 528
Meknes Tafilalet,Ifrane,CR-Timahdite,2 801,2 759
Meknes Tafilalet,Ifrane,AC-Timahdite,778,701
Meknes Tafilalet,Ifrane,CR-Dayat Aoua,3 044,2 829
Meknes Tafilalet,Ifrane,CR-Tizguite,3 237,3 097
Meknes Tafilalet,Khenifra,(Tous),172 850,149 403
Meknes Tafilalet,Khenifra,MU-Khenifra,24 175,19 744
Meknes Tafilalet,Khenifra,MU-Midelt,14 226,9 928
Meknes Tafilalet,Khenifra,MU-M Rirt,10 571,7 164
Meknes Tafilalet,Khenifra,CR-Ait Ishaq,3 184,3 055
Meknes Tafilalet,Khenifra,AC-Ait Ishaq,3 568,2 815
Meknes Tafilalet,Khenifra,CR-Ait Saadelli,961,957
Meknes Tafilalet,Khenifra,CR-El Kbab,2 796,2 682
Meknes Tafilalet,Khenifra,AC-El kbab,2 780,2 160
Meknes Tafilalet,Khenifra,CR-Kerrouchen,1 971,1 941
Meknes Tafilalet,Khenifra,AC-Kerrouchen,606,490
Meknes Tafilalet,Khenifra,CR-Ouaoumana,2 604,2 302
Meknes Tafilalet,Khenifra,CR-Sidi Yahya Ou Saad,2 802,2 712
Meknes Tafilalet,Khenifra,CR-Tighassaline,2 371,2 296
Meknes Tafilalet,Khenifra,AC-Tighassaline,2 082,1 733
Meknes Tafilalet,Khenifra,CR-Aguelmam Azegza,3 102,3 048
Meknes Tafilalet,Khenifra,CR-Aguelmous,9 377,9 082
Meknes Tafilalet,Khenifra,AC-Aguelmous,3 491,2 843
Meknes Tafilalet,Khenifra,CR-ElBorj,1 896,1 859
Meknes Tafilalet,Khenifra,CR-El Hammam,5 104,4 732
Meknes Tafilalet,Khenifra,AC-Tighza,710,401
Meknes Tafilalet,Khenifra,CR-Had Bouhssoussen,1 554,1 479
Meknes Tafilalet,Khenifra,AC-Had bouhssoussen,734,635
Meknes Tafilalet,Khenifra,CR-Lehri,3 514,3 392
Meknes Tafilalet,Khenifra,CR-Moha Ou Hammou Zayani,3 604,3 297
Meknes Tafilalet,Khenifra,AC-Amalou Ighriben,9 139,6 986
Meknes Tafilalet,Khenifra,CR-Moulay Bouazza,1 479,1 406
Meknes Tafilalet,Khenifra,AC-Moulay bouazza,1 561,1 219
Meknes Tafilalet,Khenifra,CR-Oum Rabia,4 862,4 599
Meknes Tafilalet,Khenifra,CR-Sebt Ait Rahou,3 324,3 148
Meknes Tafilalet,Khenifra,CR-Sidi Amar,1 126,1 097
Meknes Tafilalet,Khenifra,CR-Sidi Hcine,1 591,1 576
Meknes Tafilalet,Khenifra,CR-Sidi Lamine,4 524,4 213
Meknes Tafilalet,Khenifra,AC-Kahf nsour,1 707,1 471
Meknes Tafilalet,Khenifra,CR-Aghbalou,2 543,2 509
Meknes Tafilalet,Khenifra,AC-Aghbalou Nssardane,625,545
Meknes Tafilalet,Khenifra,CR-Agoudim,1 394,1 376
Meknes Tafilalet,Khenifra,CR-Ait Ayach,3 666,3 512
Meknes Tafilalet,Khenifra,CR-Ait Ben Yacoub,1 543,1 219
Meknes Tafilalet,Khenifra,CR-Ait Izdeg,2 910,2 599
Meknes Tafilalet,Khenifra,CR-Amersid,2 361,2 187
Meknes Tafilalet,Khenifra,CR-Anemzi,1 740,1 728
Meknes Tafilalet,Khenifra,CR-Boumia,893,882
Meknes Tafilalet,Khenifra,AC-Boumia,3 689,3 286
Meknes Tafilalet,Khenifra,CR-Itzer,1 766,1 589
Meknes Tafilalet,Khenifra,AC-Itzer,1 894,1 608
Meknes Tafilalet,Khenifra,CR-Mibladen,931,861
Meknes Tafilalet,Khenifra,CR-Sidi Yahya Ou Youssef,811,708
Meknes Tafilalet,Khenifra,CR-Tanourdi,914,901
Meknes Tafilalet,Khenifra,CR-Tizi N Ghachou,1 059,1 056
Meknes Tafilalet,Khenifra,CR-Tounfite,1 604,1 560
Meknes Tafilalet,Khenifra,AC-Tounfite,1 971,1 605
Meknes Tafilalet,Khenifra,CR-Zaida,1 800,1 716
Meknes Tafilalet,Khenifra,AC-Zaida,1 640,1 494
Fes Boulemane,Boulemane,(Tous),56 611,50 618
Fes Boulemane,Boulemane,MU-Boulemane,2 004,1 505
Fes Boulemane,Boulemane,MU-Imouzzer Marmoucha,1 006,725
Fes Boulemane,Boulemane,MU-Missour,6 221,5 131
Fes Boulemane,Boulemane,MU-Outat El Haj,3 313,2 471
Fes Boulemane,Boulemane,CR-Ait Bazza,1 252,1 242
Fes Boulemane,Boulemane,CR-Ait El Mane,884,847
Fes Boulemane,Boulemane,CR-Almis Marmoucha,917,864
Fes Boulemane,Boulemane,CR-ElMers,2 062,1 889
Fes Boulemane,Boulemane,CR-Enjil,2 563,2 399
Fes Boulemane,Boulemane,CR-Guigou,4 161,3 879
Fes Boulemane,Boulemane,AC-Guigou,2 262,1 960
Fes Boulemane,Boulemane,CR-Serghina,1 059,994
Fes Boulemane,Boulemane,CR-Skoura M Daz,2 664,2 294
Fes Boulemane,Boulemane,CR-Talzemt,1 460,1 419
Fes Boulemane,Boulemane,CR-Ksabi Moulouya,3 306,2 950
Fes Boulemane,Boulemane,CR-Ouizeght,1 919,1 819
Fes Boulemane,Boulemane,CR-Sidi Boutayeb,3 371,3 090
Fes Boulemane,Boulemane,CR-ElOrjane,2 082,1 885
Fes Boulemane,Boulemane,CR-Ermila,2 069,1 900
Fes Boulemane,Boulemane,CR-Fritissa,6 659,6 217
Fes Boulemane,Boulemane,CR-Oulad Ali Youssef,2 071,2 037
Fes Boulemane,Boulemane,CR-Tissaf,3 306,3 101
Fes Boulemane,Fes,(Tous),358 784,303 250
Fes Boulemane,Fes,AR-Agdal,53 728,46 411
Fes Boulemane,Fes,MU-Mechouar Fes Jdid,10 495,8 405
Fes Boulemane,Fes,AR-Saiss,57 608,47 955
Fes Boulemane,Fes,AR-Fes Medina,34 909,29 373
Fes Boulemane,Fes,AR-Jnan El Ouard,62 662,53 313
Fes Boulemane,Fes,AR-ElMariniyine,70 000,57 684
Fes Boulemane,Fes,AR-Zouagha,58 030,50 052
Fes Boulemane,Fes,CR-Oulad Tayeb,4 965,4 620
Fes Boulemane,Fes,AC-Oulad Tayeb,1 863,1 570
Fes Boulemane,Fes,CR-Ain Bida,2 703,2 402
Fes Boulemane,Fes,CR-Sidi Harazem,644,634
Fes Boulemane,Fes,AC-Skhinate,1 177,831
Fes Boulemane,Sefrou,(Tous),90 707,78 232
Fes Boulemane,Sefrou,MU-Bhalil,4 605,4 170
Fes Boulemane,Sefrou,MU-ElMenzel,3 300,2 324
Fes Boulemane,Sefrou,MU-Imouzzer Kandar,4 458,3 525
Fes Boulemane,Sefrou,MU-Ribate El Kheir,2 697,1 553
Fes Boulemane,Sefrou,MU-Sefrou,22 715,18 715
Fes Boulemane,Sefrou,CR-Adrej,761,679
Fes Boulemane,Sefrou,CR-Ain Timguenai,834,698
Fes Boulemane,Sefrou,AC-Zaouiat bougrine,1 161,1 024
Fes Boulemane,Sefrou,CR-Bir Tam Tam,3 318,2 831
Fes Boulemane,Sefrou,CR-Dar El Hamra,1 483,1 285
Fes Boulemane,Sefrou,CR-Ighzrane,3 911,3 332
Fes Boulemane,Sefrou,CR-Mtarnagha,1 890,1 602
Fes Boulemane,Sefrou,CR-Oulad Mkoudou,2 516,2 197
Fes Boulemane,Sefrou,CR-Ras Tabouda,2 170,1 890
Fes Boulemane,Sefrou,CR-Tafajight,1 214,1 214
Fes Boulemane,Sefrou,CR-Ain Cheggag,4 240,3 825
Fes Boulemane,Sefrou,AC-Ain Cheggag,1 143,1 003
Fes Boulemane,Sefrou,CR-Ait Sebaa Lajrouf,5 695,5 211
Fes Boulemane,Sefrou,CR-Aghbalou Aqorar,6 197,5 853
Fes Boulemane,Sefrou,CR-Ahl Sidi Lahcen,2 010,1 850
Fes Boulemane,Sefrou,CR-Azzaba,844,661
Fes Boulemane,Sefrou,CR-Kandar Sidi Khiar,3 027,2 897
Fes Boulemane,Sefrou,CR-Laanoussar,3 630,3 416
Fes Boulemane,Sefrou,CR-Sidi Youssef Ben Ahmed,4 680,4 405
Fes Boulemane,Sefrou,CR-Tazouta,2 208,2 072
Fes Boulemane,Moulay Yacoub,(Tous),51 795,49 629
Fes Boulemane,Moulay Yacoub,MU-Moulay Yacoub,1 240,1 007
Fes Boulemane,Moulay Yacoub,CR-Ain Chkef,11 471,10 812
Fes Boulemane,Moulay Yacoub,CR-Mikkes,2 357,2 311
Fes Boulemane,Moulay Yacoub,CR-Sebaa Rouadi,7 171,6 682
Fes Boulemane,Moulay Yacoub,CR-Sebt Loudaya,3 967,3 908
Fes Boulemane,Moulay Yacoub,CR-Ain Bou Ali,5 141,5 089
Fes Boulemane,Moulay Yacoub,CR-Ain Kansra,3 850,3 682
Fes Boulemane,Moulay Yacoub,CR-Laajajra,4 753,4 662
Fes Boulemane,Moulay Yacoub,CR-Louadaine,3 398,3 326
Fes Boulemane,Moulay Yacoub,CR-Oulad Mimoun,4 391,4 273
Fes Boulemane,Moulay Yacoub,CR-Sidi Daoud,4 056,3 877
Taza Al Hoceima Taounat,Al Hoceima,(Tous),134 534,120 234
Taza Al Hoceima Taounat,Al Hoceima,MU-Al Hoceima,19 083,15 130
Taza Al Hoceima Taounat,Al Hoceima,MU-Bni Bouayach,4 088,3 376
Taza Al Hoceima Taounat,Al Hoceima,MU-Imzouren,7 389,5 860
Taza Al Hoceima Taounat,Al Hoceima,MU-Targuist,3 503,2 850
Taza Al Hoceima Taounat,Al Hoceima,CR-Bni Boufrah,2 683,2 502
Taza Al Hoceima Taounat,Al Hoceima,CR-Bni Gmil,2 851,2 641
Taza Al Hoceima Taounat,Al Hoceima,CR-Bni Gmil Maksouline,2 371,2 292
Taza Al Hoceima Taounat,Al Hoceima,CR-Senada,3 228,3 087
Taza Al Hoceima Taounat,Al Hoceima,CR-Ait Kamra,2 111,1 958
Taza Al Hoceima Taounat,Al Hoceima,CR-Ait Youssef Ou Ali,3 733,3 066
Taza Al Hoceima Taounat,Al Hoceima,AC-Ajdir,1 348,960
Taza Al Hoceima Taounat,Al Hoceima,CR-Arbaa Taourirt,2 553,2 331
Taza Al Hoceima Taounat,Al Hoceima,CR-Bni Abdallah,2 684,2 420
Taza Al Hoceima Taounat,Al Hoceima,CR-Bni Hadifa,1 169,1 121
Taza Al Hoceima Taounat,Al Hoceima,AC-Bni hadifa,547,448
Taza Al Hoceima Taounat,Al Hoceima,CR-Chakrane,2 986,2 850
Taza Al Hoceima Taounat,Al Hoceima,CR-Imrabten,2 495,2 028
Taza Al Hoceima Taounat,Al Hoceima,AC-Tamassint,496,312
Taza Al Hoceima Taounat,Al Hoceima,CR-Izemmouren,1 781,1 434
Taza Al Hoceima Taounat,Al Hoceima,CR-Louta,1 896,1 612
Taza Al Hoceima Taounat,Al Hoceima,CR-Nekkour,3 790,3 194
Taza Al Hoceima Taounat,Al Hoceima,CR-Rouadi,2 357,2 063
Taza Al Hoceima Taounat,Al Hoceima,CR-Tifarouine,2 394,2 281
Taza Al Hoceima Taounat,Al Hoceima,CR-Zaouiat Sidi Abdelkader,2 100,1 854
Taza Al Hoceima Taounat,Al Hoceima,CR-Abdelghaya Souahel,9 578,9 420
Taza Al Hoceima Taounat,Al Hoceima,CR-Bni Ahmed Imoukzan,3 118,3 020
Taza Al Hoceima Taounat,Al Hoceima,CR-Bni Ammart,2 858,2 798
Taza Al Hoceima Taounat,Al Hoceima,CR-Bni Bchir,2 975,2 954
Taza Al Hoceima Taounat,Al Hoceima,CR-Bni Bouchibet,2 744,2 622
Taza Al Hoceima Taounat,Al Hoceima,CR-Bni Bounsar,2 499,2 320
Taza Al Hoceima Taounat,Al Hoceima,CR-Issaguen,5 720,5 509
Taza Al Hoceima Taounat,Al Hoceima,AC-Issaguen,815,714
Taza Al Hoceima Taounat,Al Hoceima,CR-Ketama,6 505,6 091
Taza Al Hoceima Taounat,Al Hoceima,CR-Moulay Ahmed Cherif,3 677,3 548
Taza Al Hoceima Taounat,Al Hoceima,CR-Sidi Boutmim,3 129,2 775
Taza Al Hoceima Taounat,Al Hoceima,CR-Sidi Bouzineb,1 509,1 402
Taza Al Hoceima Taounat,Al Hoceima,CR-Taghzout,2 011,1 958
Taza Al Hoceima Taounat,Al Hoceima,CR-Tamsaout,5 561,5 408
Taza Al Hoceima Taounat,Al Hoceima,CR-Zarkt,2 199,2 025
Taza Al Hoceima Taounat,Taounate,(Tous),247 791,233 536
Taza Al Hoceima Taounat,Taounate,MU-Ghafsai,1 760,1 386
Taza Al Hoceima Taounat,Taounate,MU-Karia Ba Mohamed,5 417,4 632
Taza Al Hoceima Taounat,Taounate,MU-Taounate,9 702,7 969
Taza Al Hoceima Taounat,Taounate,MU-Thar Es souk,1 086,765
Taza Al Hoceima Taounat,Taounate,MU-Tissa,2 935,2 457
Taza Al Hoceima Taounat,Taounate,CR-ElBibane,2 259,2 142
Taza Al Hoceima Taounat,Taounate,CR-Galaz,7 049,6 668
Taza Al Hoceima Taounat,Taounate,CR-Kissane,5 252,4 710
Taza Al Hoceima Taounat,Taounate,CR-Oudka,3 616,3 502
Taza Al Hoceima Taounat,Taounate,CR-Ourtzagh,4 921,4 529
Taza Al Hoceima Taounat,Taounate,CR-Ratba,6 697,6 566
Taza Al Hoceima Taounat,Taounate,CR-Sidi Haj M hamed,3 652,3 553
Taza Al Hoceima Taounat,Taounate,CR-Sidi Mokhfi,2 979,2 885
Taza Al Hoceima Taounat,Taounate,CR-Sidi Yahya Bni Zeroual,6 032,5 635
Taza Al Hoceima Taounat,Taounate,CR-Tabouda,7 091,6 964
Taza Al Hoceima Taounat,Taounate,CR-Tafrant,4 728,4 388
Taza Al Hoceima Taounat,Taounate,CR-Timezgana,5 955,5 833
Taza Al Hoceima Taounat,Taounate,CR-Bni Snous,3 333,3 256
Taza Al Hoceima Taounat,Taounate,CR-Bouchabel,6 372,6 261
Taza Al Hoceima Taounat,Taounate,CR-Ghouazi,7 379,6 910
Taza Al Hoceima Taounat,Taounate,CR-Jbabra,8 479,8 395
Taza Al Hoceima Taounat,Taounate,CR-Loulja,6 832,6 754
Taza Al Hoceima Taounat,Taounate,CR-Mkansa,8 034,7 700
Taza Al Hoceima Taounat,Taounate,CR-Moulay Abdelkrim,3 177,3 099
Taza Al Hoceima Taounat,Taounate,CR-Moulay Bouchta,7 550,7 383
Taza Al Hoceima Taounat,Taounate,CR-Sidi El Abed,4 746,4 476
Taza Al Hoceima Taounat,Taounate,CR-Ain Mediouna,5 053,4 073
Taza Al Hoceima Taounat,Taounate,CR-Bni Oulid,4 553,4 254
Taza Al Hoceima Taounat,Taounate,CR-Bni Ounjel Tafraout,3 751,3 625
Taza Al Hoceima Taounat,Taounate,CR-Bouadel,4 514,4 149
Taza Al Hoceima Taounat,Taounate,CR-Bouhouda,10 375,9 746
Taza Al Hoceima Taounat,Taounate,CR-Fennassa Bab El Hit,4 986,4 782
Taza Al Hoceima Taounat,Taounate,CR-Khlalfa,5 166,4 855
Taza Al Hoceima Taounat,Taounate,CR-Mezraoua,3 379,3 227
Taza Al Hoceima Taounat,Taounate,CR-Rghioua,1 704,1 567
Taza Al Hoceima Taounat,Taounate,CR-Tamedit,9 143,8 840
Taza Al Hoceima Taounat,Taounate,CR-Zrizer,3 095,2 792
Taza Al Hoceima Taounat,Taounate,CR-Ain Aicha,7 721,7 383
Taza Al Hoceima Taounat,Taounate,CR-Ain Legdah,4 195,4 086
Taza Al Hoceima Taounat,Taounate,CR-Ain Maatouf,3 851,3 564
Taza Al Hoceima Taounat,Taounate,CR-Bouarouss,6 961,6 746
Taza Al Hoceima Taounat,Taounate,CR-ElBsabsa,3 073,3 031
Taza Al Hoceima Taounat,Taounate,CR-Messassa,2 928,2 842
Taza Al Hoceima Taounat,Taounate,CR-Oued Jemaa,3 393,3 308
Taza Al Hoceima Taounat,Taounate,CR-Oulad Ayyad,3 341,2 732
Taza Al Hoceima Taounat,Taounate,CR-Oulad Daoud,3 702,3 626
Taza Al Hoceima Taounat,Taounate,CR-Outabouabane,3 535,3 480
Taza Al Hoceima Taounat,Taounate,CR-Ras El Oued,5 775,5 599
Taza Al Hoceima Taounat,Taounate,CR-Sidi M Hamed Ben Lahcen,6 564,6 411
Taza Al Hoceima Taounat,Taza,(Tous),244 673,203 775
Taza Al Hoceima Taounat,Taza,MU-Aknoul,1 295,906
Taza Al Hoceima Taounat,Taza,MU-Guercif,17 527,13 634
Taza Al Hoceima Taounat,Taza,MU-Oued Amlil,2 752,2 053
Taza Al Hoceima Taounat,Taza,MU-Tahla,6 224,4 130
Taza Al Hoceima Taounat,Taza,MU-Taza,46 125,35 271
Taza Al Hoceima Taounat,Taza,CR-Ajdir,3 588,2 866
Taza Al Hoceima Taounat,Taza,AC-Ajdir,469,341
Taza Al Hoceima Taounat,Taza,CR-Bourd,2 671,2 340
Taza Al Hoceima Taounat,Taza,CR-Gzenaya Al Janoubia,4 043,2 978
Taza Al Hoceima Taounat,Taza,CR-Jbarna,1 248,1 024
Taza Al Hoceima Taounat,Taza,CR-Sidi Ali Bourakba,3 168,2 284
Taza Al Hoceima Taounat,Taza,CR-Tizi Ouasli,2 036,1 651
Taza Al Hoceima Taounat,Taza,AC-Tizi Ouasli,524,327
Taza Al Hoceima Taounat,Taza,CR-Assebbab,2 124,1 995
Taza Al Hoceima Taounat,Taza,CR-Barkine,3 669,3 555
Taza Al Hoceima Taounat,Taza,CR-Houara Oulad Raho,10 597,8 755
Taza Al Hoceima Taounat,Taza,CR-Lamrija,4 015,3 486
Taza Al Hoceima Taounat,Taza,CR-Mazguitam,3 205,2 630
Taza Al Hoceima Taounat,Taza,CR-Oulad Bourima,657,590
Taza Al Hoceima Taounat,Taza,CR-Ras Laksar,4 001,3 951
Taza Al Hoceima Taounat,Taza,CR-Saka,7 054,6 308
Taza Al Hoceima Taounat,Taza,CR-Taddart,6 569,6 039
Taza Al Hoceima Taounat,Taza,CR-Bni Frassen,7 996,7 396
Taza Al Hoceima Taounat,Taza,CR-Bouchfaa,3 690,2 831
Taza Al Hoceima Taounat,Taza,CR-Bouhlou,3 442,2 756
Taza Al Hoceima Taounat,Taza,CR-Ghiata Al Gharbia,8 500,6 965
Taza Al Hoceima Taounat,Taza,CR-Oulad Zbair,4 728,4 130
Taza Al Hoceima Taounat,Taza,AC-Oulad Zbair,1 364,1 004
Taza Al Hoceima Taounat,Taza,CR-Rbaa El Fouki,2 468,2 088
Taza Al Hoceima Taounat,Taza,CR-Ait Saghrouchen,5 293,4 788
Taza Al Hoceima Taounat,Taza,CR-Bouyablane,1 049,1 042
Taza Al Hoceima Taounat,Taza,CR-Maghraoua,3 104,2 825
Taza Al Hoceima Taounat,Taza,CR-Matmata,3 024,2 402
Taza Al Hoceima Taounat,Taza,AC-Matmata,658,472
Taza Al Hoceima Taounat,Taza,CR-Smia,2 427,2 005
Taza Al Hoceima Taounat,Taza,CR-Tazarine,929,910
Taza Al Hoceima Taounat,Taza,CR-Zrarda,1 983,1 896
Taza Al Hoceima Taounat,Taza,AC-Zrarda,747,517
Taza Al Hoceima Taounat,Taza,CR-Bni Ftah,4 905,3 988
Taza Al Hoceima Taounat,Taza,CR-Brarha,3 490,2 969
Taza Al Hoceima Taounat,Taza,CR-ElGouzate,3 113,2 537
Taza Al Hoceima Taounat,Taza,CR-Kaf El Ghar,3 979,3 536
Taza Al Hoceima Taounat,Taza,CR-Msila,3 976,3 539
Taza Al Hoceima Taounat,Taza,CR-Taifa,3 328,2 995
Taza Al Hoceima Taounat,Taza,CR-Tainaste,3 242,2 909
Taza Al Hoceima Taounat,Taza,AC-Tainaste,532,395
Taza Al Hoceima Taounat,Taza,CR-Traiba,3 156,2 855
Taza Al Hoceima Taounat,Taza,CR-Bab Boudir,2 213,1 860
Taza Al Hoceima Taounat,Taza,CR-Bab Marzouka,7 441,6 102
Taza Al Hoceima Taounat,Taza,CR-Bni Lent,4 112,3 708
Taza Al Hoceima Taounat,Taza,CR-Galdamane,6 789,6 385
Taza Al Hoceima Taounat,Taza,CR-Meknassa Acharqia,3 001,2 550
Taza Al Hoceima Taounat,Taza,CR-Meknassa Al Gharbia,1 742,1 710
Taza Al Hoceima Taounat,Taza,CR-Oulad Chrif,4 691,4 596
Tanger Tetouan,Chefchaouen,(Tous),203 293,195 355
Tanger Tetouan,Chefchaouen,MU-Chefchaouen,12 628,10 790
Tanger Tetouan,Chefchaouen,CR-Amtar,4 027,3 940
Tanger Tetouan,Chefchaouen,CR-Bab Berred,8 150,8 064
Tanger Tetouan,Chefchaouen,AC-Bab berred,2 191,1 834
Tanger Tetouan,Chefchaouen,CR-Bni Ahmed Cherqia,3 739,3 583
Tanger Tetouan,Chefchaouen,CR-Bni Ahmed Gharbia,5 070,4 899
Tanger Tetouan,Chefchaouen,CR-Bni Rzine,7 747,7 582
Tanger Tetouan,Chefchaouen,CR-Bni Smih,6 529,6 486
Tanger Tetouan,Chefchaouen,CR-Iounane,9 990,9 707
Tanger Tetouan,Chefchaouen,CR-Mansoura,6 632,6 573
Tanger Tetouan,Chefchaouen,CR-M tioua,3 474,3 424
Tanger Tetouan,Chefchaouen,AC-Jebha,1 075,871
Tanger Tetouan,Chefchaouen,CR-Ouaouzgane,6 061,6 024
Tanger Tetouan,Chefchaouen,CR-Oued Malha,3 987,3 954
Tanger Tetouan,Chefchaouen,CR-Tamorot,9 213,8 960
Tanger Tetouan,Chefchaouen,CR-Bab Taza,9 253,8 681
Tanger Tetouan,Chefchaouen,AC-Bab Taza,1 397,1 193
Tanger Tetouan,Chefchaouen,CR-Bni Darkoul,3 799,3 644
Tanger Tetouan,Chefchaouen,CR-Bni Faghloum,4 122,4 056
Tanger Tetouan,Chefchaouen,CR-Bni Salah,3 389,3 379
Tanger Tetouan,Chefchaouen,CR-Derdara,5 469,5 371
Tanger Tetouan,Chefchaouen,CR-Fifi,3 022,2 912
Tanger Tetouan,Chefchaouen,CR-Laghdir,2 963,2 942
Tanger Tetouan,Chefchaouen,CR-Tanaqoub,2 999,2 963
Tanger Tetouan,Chefchaouen,CR-Bni Bouzra,5 457,4 996
Tanger Tetouan,Chefchaouen,CR-Bni Mansour,8 023,7 958
Tanger Tetouan,Chefchaouen,CR-Bni Selmane,7 602,7 242
Tanger Tetouan,Chefchaouen,CR-Steha,4 777,4 665
Tanger Tetouan,Chefchaouen,CR-Talambote,4 013,3 980
Tanger Tetouan,Chefchaouen,CR-Tassift,3 342,3 241
Tanger Tetouan,Chefchaouen,CR-Tizgane,4 390,4 206
Tanger Tetouan,Chefchaouen,CR-Ain Beida,4 574,4 416
Tanger Tetouan,Chefchaouen,CR-Asjen,5 195,5 083
Tanger Tetouan,Chefchaouen,CR-Brikcha,3 997,3 897
Tanger Tetouan,Chefchaouen,AC-Brikcha,513,423
Tanger Tetouan,Chefchaouen,CR-Kalaat Bouqorra,6 400,6 319
Tanger Tetouan,Chefchaouen,CR-Moqrisset,3 692,3 561
Tanger Tetouan,Chefchaouen,AC-Moqrisset,509,402
Tanger Tetouan,Chefchaouen,CR-Zoumi,12 773,12 261
Tanger Tetouan,Chefchaouen,AC-Zoumi,1 110,873
Tanger Tetouan,Fahs Anjra,(Tous),33 007,30 188
Tanger Tetouan,Fahs Anjra,CR-Anjra,5 145,4 851
Tanger Tetouan,Fahs Anjra,CR-Jouamaa,2 292,2 053
Tanger Tetouan,Fahs Anjra,CR-Ksar El Majaz,2 711,2 528
Tanger Tetouan,Fahs Anjra,CR-Taghramt,4 786,4 126
Tanger Tetouan,Fahs Anjra,CR-Al Bahraoyine,3 489,3 195
Tanger Tetouan,Fahs Anjra,CR-Ksar Sghir,3 643,3 281
Tanger Tetouan,Fahs Anjra,CR-Laaouama,7 316,6 742
Tanger Tetouan,Fahs Anjra,CR-Malloussa,3 625,3 412
Tanger Tetouan,Larache,(Tous),166 925,148 413
Tanger Tetouan,Larache,MU-Ksar El Kebir,35 606,28 855
Tanger Tetouan,Larache,MU-Larache,38 596,32 796
Tanger Tetouan,Larache,CR-Bou Jedyane,4 039,3 888
Tanger Tetouan,Larache,CR-Ksar Bjir,4 954,4 519
Tanger Tetouan,Larache,CR-Laouamra,13 000,11 848
Tanger Tetouan,Larache,CR-Oulad Ouchih,7 065,6 539
Tanger Tetouan,Larache,CR-Souaken,4 216,4 153
Tanger Tetouan,Larache,CR-Souk L Qolla,5 696,5 568
Tanger Tetouan,Larache,CR-Souk Tolba,5 132,5 109
Tanger Tetouan,Larache,CR-Tatoft,4 191,4 011
Tanger Tetouan,Larache,CR-Zouada,7 729,7 151
Tanger Tetouan,Larache,CR-Ayacha,3 401,3 303
Tanger Tetouan,Larache,CR-Bni Arouss,3 858,3 530
Tanger Tetouan,Larache,CR-Bni Garfett,5 540,5 149
Tanger Tetouan,Larache,CR-Rissana Chamalia,5 185,4 991
Tanger Tetouan,Larache,CR-Rissana Janoubia,5 919,5 759
Tanger Tetouan,Larache,CR-Sahel,4 410,3 942
Tanger Tetouan,Larache,AC-Khemis sahel,1 772,1 215
Tanger Tetouan,Larache,CR-Tazroute,1 935,1 725
Tanger Tetouan,Larache,CR-Zaaroura,4 681,4 362
Tanger Tetouan,Tanger Assilah,(Tous),295 766,257 588
Tanger Tetouan,Tanger Assilah,MU-Assilah,10 579,8 726
Tanger Tetouan,Tanger Assilah,AR-Bni Makada,90 801,79 256
Tanger Tetouan,Tanger Assilah,AR-Charf Mghogha,56 416,48 486
Tanger Tetouan,Tanger Assilah,AR-Charf Souani,44 864,38 532
Tanger Tetouan,Tanger Assilah,AR-Tanger Medina,69 486,61 187
Tanger Tetouan,Tanger Assilah,CR-Al Manzla,1 114,1 005
Tanger Tetouan,Tanger Assilah,CR-Aquouass Briech,1 468,1 409
Tanger Tetouan,Tanger Assilah,CR-Azzinate,1 704,1 499
Tanger Tetouan,Tanger Assilah,CR-Dar Chaoui,1 143,1 068
Tanger Tetouan,Tanger Assilah,AC-Dar Chaoui,518,346
Tanger Tetouan,Tanger Assilah,CR-Lkhaloua,4 740,4 482
Tanger Tetouan,Tanger Assilah,CR-Sahel Chamali,2 241,2 129
Tanger Tetouan,Tanger Assilah,CR-Sidi Lyamani,3 648,3 226
Tanger Tetouan,Tanger Assilah,AC-Tnin sidi Lyamani,379,295
Tanger Tetouan,Tanger Assilah,CR-Boukhalef,5 471,4 901
Tanger Tetouan,Tanger Assilah,AC-Gueznaia,1 194,1 041
Tanger Tetouan,Tetouan,(Tous),230 375,199 373
Tanger Tetouan,Tetouan,MU-Fnidq,19 327,16 688
Tanger Tetouan,Tetouan,MU-Martil,14 448,12 637
Tanger Tetouan,Tetouan,MU-M'Diq,13 245,11 079
Tanger Tetouan,Tetouan,MU-Oued Laou,2 670,2 342
Tanger Tetouan,Tetouan,MU-Tetouan,118 608,97 721
Tanger Tetouan,Tetouan,CR-Ain Lahsan,2 233,2 059
Tanger Tetouan,Tetouan,CR-Allyene,2 428,2 193
Tanger Tetouan,Tetouan,CR-Bni Harchen,3 195,3 147
Tanger Tetouan,Tetouan,CR-Jbel Lahbib,1 161,1 010
Tanger Tetouan,Tetouan,AC-Karia,390,328
Tanger Tetouan,Tetouan,CR-Mallalienne,4 081,3 633
Tanger Tetouan,Tetouan,CR-Saddina,2 223,2 072
Tanger Tetouan,Tetouan,CR-Souk Kdim,2 678,2 545
Tanger Tetouan,Tetouan,CR-Al Hamra,3 791,3 642
Tanger Tetouan,Tetouan,CR-AL Khrroub,1 415,1 397
Tanger Tetouan,Tetouan,CR-Al Oued,4 996,4 866
Tanger Tetouan,Tetouan,CR-Azla,5 605,5 061
Tanger Tetouan,Tetouan,CR-Bghaghza,2 274,2 224
Tanger Tetouan,Tetouan,CR-Bni Idder,1 655,1 612
Tanger Tetouan,Tetouan,CR-Bni Leit,2 352,2 342
Tanger Tetouan,Tetouan,CR-Bni Said,3 681,3 533
Tanger Tetouan,Tetouan,CR-Dar Bni Karrich,711,559
Tanger Tetouan,Tetouan,AC-Dar Bni Karrich,1 497,1 322
Tanger Tetouan,Tetouan,CR-Oulad Ali Mansour,2 793,2 782
Tanger Tetouan,Tetouan,CR-Sahtryine,2 593,2 542
Tanger Tetouan,Tetouan,CR-Zaitoune,2 703,2 573
Tanger Tetouan,Tetouan,CR-Zaouiat Sidi Kacem,5 121,5 041
Tanger Tetouan,Tetouan,CR-Zinat,2 501,2 423
